﻿종목코드,종목명,언론사URL,작성일자,제목,기사부분,네이버링크,카테고리
005930,삼성전자,www.newsis.com,2024-03-18 11:45:00,"삼성전자, 30만원대 보급형 스마트폰 '갤럭시 A15 LTE' 출시",18일 서울 마포구 삼성스토어 홍대에 삼성전자의 스마트폰 '갤럭시 A15 LTE'가 전시되어 있다. 삼성전자는 슈퍼 아몰레드 디스플레이와 5000만 화소 후면 카메라를 탑재한 30만원대 보급형 스마트폰 '갤럭시 A15... ,https://n.news.naver.com/mnews/article/003/0012433044?sid=101,신제품출시
373220,LG에너지솔루션,www.bloter.net,2024-03-18 09:31:00,'LG엔솔 배터리' 캐딜락 리릭 전기차 포착...상반기 국내 출시,"2023년 12월 기준 환경부 자동차 배출가스 및 소음인증시스템에 따르면 101kWh LG에너지솔루션 배터리가 장착된 리릭의 국내 공인 주행거리는 상온 468km(시내 494km, 고속도로 436km), 저온 283km(시내 247km, 고속도로... ",https://n.news.naver.com/mnews/article/293/0000052634?sid=101,신제품출시
068270,셀트리온,www.moneys.co.kr,2024-03-18 10:57:00,"""내년 1조 매출"" 셀트리온 자가면역 신약, 최대 시장 출시",셀트리온이 인플릭시맙 피하주사(SC) 제형인 자가면역 치료제 짐펜트라(램시마SC 미국 제품명)를 미국 시장에 출시했다. 셀트리온은 짐펜트라를 미국 전역에 성공적으로 출시하며 본격적인 시장 공략에 나섰다고 18일... ,https://n.news.naver.com/mnews/article/417/0000989498?sid=101,신약개발
068270,셀트리온,zdnet.co.kr,2024-03-18 10:31:00,"셀트리온, 美서 ‘짐펜트라’ 출시…염증성 장질환 현지 매출 상승 기대",셀트리온이 15일(현지시간) 인플릭시맙 피하주사(SC) 제형 ‘짐펜트라’(램시마SC 미국 제품명)를 미국에 출시했다. ‘짐펜트라’는 셀트리온이 지난해 10월 미국 식품의약국(FDA)으로부터 신약 허가를 획득한 첫... ,https://n.news.naver.com/mnews/article/092/0002324802?sid=105,신제품출시
051910,LG화학,www.yna.co.kr,2024-03-18 09:40:00,"LG화학, 턱밑 지방 개선 주사제 '벨라콜린' 출시",LG화학이 턱밑 지방 개선 주사제 '벨라콜린'(성분명 데옥시콜산)을 출시했다고 18일 밝혔다. 벨라콜린은 턱밑 지방이 과도하거나 돌출된 중등증~중증 성인에게 사용할 수 있다. 중등증은 턱 밑 지방이 뚜렷하게 있는 상태를... ,https://n.news.naver.com/mnews/article/001/0014569589?sid=101,신약개발
051910,LG화학,www.newsis.com,2024-03-18 08:43:00,"LG화학, 턱 지방개선 시장진출…주사제 '벨라콜린' 출시",국내 화학·제약바이오 기업 LG화학이 국내 에스테틱 고객 대상 턱밑 지방 개선 솔루션에 나선다. LG화학은 턱밑 지방 개선 의약품 시장에 진출하며 자체 생산 제품 ‘벨라콜린’(성분명 데옥시콜산)을 본격 출시한다고... ,https://n.news.naver.com/mnews/article/003/0012432287?sid=102,신제품출시
035420,NAVER,kpenews.com,2024-03-18 10:10:00,"KB라이프, ‘KB내맘대로 Pick! e-건강보험 무배당’ 출시..3가지 플랜 간편 가...",한국정경신문 우용하 기­자 wooyh1053@naver.com [한국정경신문=우용하 기자] KB라이프생명(사장 이환주)이 온라인 보험 상품 ‘KB내맘대로 Pick! e-건강보험 무배당(갱신형)’ 출시를 기념해 이달 31일까지 신상품 가입... ,http://kpenews.com/View.aspx?No=3163565,신제품출시
028260,삼성물산,www.news1.kr,2024-03-18 08:34:00,"""청량한 봄 스타일링"" 삼성물산, 구호 '브리즈 트위드 재킷' 출시",삼성물산 패션부문이 운영하는 컨템포러리 브랜드 구호(KHUO)는 올해 봄여름 시즌 대표 상품으로 청량한 봄의 기운을 담은 ‘브리즈 트위드 재킷(Breeze Tweed Jacket)’을 출시했다고 18일 밝혔다. 구호의 브리즈 트위드 재킷은... ,https://n.news.naver.com/mnews/article/421/0007417214?sid=101,신제품출시
138040,메리츠금융지주,www.ngetnews.com,2024-03-18 10:02:00,"SK증권 ""메리츠금융, 밸류업 지수 출시 때 편입 가능성 가장 높아""","뉴스저널리즘 서한나 기자 = SK증권은 메리츠금융지주에 대해 자본을 가장 효율적으로 활용하는 금융사라고 평가했다. 18일 설용진 SK증권 연구원은 보고서를 통해 ""메리츠금융지주의 가장 큰 강점으로 보험·증권... ",https://www.ngetnews.com/news/articleView.html?idxno=503372,신제품출시
066570,LG전자,www.segye.com,2024-03-18 19:58:00,"LG전자, 한 손에 잡히는 고화질 프로젝터 출시","무게 1.49kg 불과 ‘시네빔 큐브’ LG전자가 나만의 공간에서 즐기는 프리미엄 4K 프로젝터 LG 시네빔 큐브(사진)를 출시한다고 18일 밝혔다. LG 시네빔 큐브는 가로 8㎝, 세로 13.5㎝, 높이 13.5㎝의 한 손에 잡히는 초소형... ",https://n.news.naver.com/mnews/article/022/0003915330?sid=101,신제품출시
003550,LG,isplus.com,2024-03-18 12:22:00,"LG전자, 한 손에 들어오는 'LG 시네빔 큐브' 출시",LG전자는 프리미엄 4K 프로젝터 'LG 시네빔 큐브'를 출시한다고 18일 밝혔다. 신제품은 한 손에 잡히는 초소형 사이즈다. 가정용 미니 각 티슈와 비슷한 크기에 무게는 1.49㎏에 불과하다. 4K UHD 해상도∙최대 120형의... ,https://n.news.naver.com/mnews/article/241/0003336776?sid=105,신제품출시
003550,LG,www.news1.kr,2024-03-18 08:26:00,"LG화학, 턱밑 지방 개선 주사제 ‘벨라콜린’ 출시","LG화학(051910)은 18일 턱밑 지방 개선 의약품 시장에 진출하며 자체 생산 제품 ‘벨라콜린’(성분명... LG화학은 ‘또렷한 턱선, 자신만의 아름다움 재발견’이라는 스토리를 브랜드명에 담아냈다. 벨라콜린은 성인... ",https://n.news.naver.com/mnews/article/421/0007417195?sid=103,신약개발
034730,SK,news.tf.co.kr,2024-03-17 12:02:00,"M&A 시장 축소에도… SK그룹, 2년 연속 기업결합 '최다'","SK ""인허가, 벨류체인 통합 과정서 비계열사 기업결합 증가"" 지난해 SK그룹이 국내 최다 M&A(기업결합)를 진행한 것으로 나타났다. M&A 시장 축소에도 비계열사 기업결합이 오히려 늘었다. 지난 2022년부터 고금리와... ",https://n.news.naver.com/mnews/article/629/0000274073?sid=101,인수합병
034730,SK,www.yna.co.kr,2024-03-18 08:52:00,"SK브로드밴드, 2030세대 겨냥 다이렉트 요금제 정식 출시",SK브로드밴드는 20·30대를 겨냥해 출시한 '2030 다이렉트 요금제'가 호평받고 있어 정식 요금제로 출시했다고 18일 밝혔다. 이 요금제는 만 18세부터 39세까지 고객이 SK브로드밴드 홈페이지 B다이렉트샵이나 106... ,https://n.news.naver.com/mnews/article/001/0014569402?sid=105,신제품출시
028300,HLB,www.topdaily.kr,2024-03-18 16:16:00,"HLB, 간암신약 상용화 준비 '잰걸음'",공유 HLB이 표적항암치료제 물질 '리보세라닙'에 대한 장밋빛 미래를 그리고 있다. 미국 식품의약국(FDA)발 간암 신약 허가 승인을 앞둔 가운데 진양곤 HLB그룹 회장까지 직접 성공을 강조하고 나섰다. HLB그룹은 허가... ,https://www.topdaily.kr/articles/96803,신약개발
011200,HMM,www.fntimes.com,2024-03-18 17:08:00,"""BDI 두달만에 1066p 상승""...'HMM인수 무산'이어 팬오션 호재 기대",팬오션은 지난해 코로나19 특수 효과 소멸과 하림그룹의 HMM인수를 위한 유상증자 소식에 하락세가 지속됐다. 그러나 지난달 HMM 인수가 결렬되면서 우려를 사온 유상증자 리스크 가 소멸되자 팬오션의 주가는... ,http://www.fntimes.com/html/view.php?ud=202403181644095213f2c09cdf82_18,인수합병
009150,삼성전기,dealsite.co.kr,2024-03-17 09:06:00,"삼성전기 ""연내 전장용 카메라 신제품 양산""",최종 목표는 로봇 등 미래 모빌리티용 카메라모듈 제조사 삼성전기가 연내 전천후(Weather Proof) 전장용 카메라모듈 양산에 나선다. 전사적인 전장 부품 강화 흐름에 광학솔루션사업부도 동참한 것. 삼성전기는 스마트폰용... ,https://dealsite.co.kr/articles/119630,신제품출시
030200,KT,zdnet.co.kr,2024-03-17 09:35:00,"KT, 30만원대 '갤럭시 A15 LTE' 출시","KT가 18일부터 30만원대 가격의 스마트폰 ‘갤럭시 A15 LTE’를 전국 KT매장, 공식 온라인몰 KT닷컴을 통해 출시한다고 17일 밝혔다. 갤럭시 A15 LTE는 6.5형 대화면 FHD+ 90Hz Super AMOLED디스플레이, 5천만 화소 후면 트리플... ",https://n.news.naver.com/mnews/article/092/0002324721?sid=105,신제품출시
090430,아모레퍼시픽,www.newspim.com,2024-03-18 16:22:00,"아모레퍼시픽 라네즈, '바운시 앤 펌 슬리핑 마스크' 출시",아모레퍼시픽이 전개하는 뷰티 브랜드 라네즈가 '바운시 앤 펌 슬리핑 마스크'를 출시한다고 18일 밝혔다. 신제품 출시를 기념해 브랜드 앰버서더 시드니 스위니와 함께하는 글로벌 캠페인도 진행한다. '슬리핑... ,https://www.newspim.com/news/view/20240318000923,신제품출시
161390,한국타이어앤테크놀로지,www.mk.co.kr,2024-03-17 18:03:00,“전기차 타이어 판매 2배로”…금호타이어 ‘이노뷔’ 출시,금호타이어가 한국타이어앤테크놀로지가 선점하고 있는 전기차 전용 타이어 사업에 도전장을 냈다. 2022년 흑자 전환에 성공하고 지난해 사상 최대 실적을 기록한 금호타이어는 높은 기술력이 필요한 전기차 전용... ,https://n.news.naver.com/mnews/article/009/0005273608?sid=103,신제품출시
000100,유한양행,www.dailymedi.com,2024-03-18 05:58:00,MASH 신약 각축전···한미·동아·유한양행 주목,"당장 현재 국내에서 관련 제품 임상을 진행 중인 제약사는 한미약품, 동아에스티, 유한양행 등이다.... 유한양행은 ‘YH25724(GLP-1/FGF21)’의 임상 1b상을 진행하고 있다. 비만 및 MASH 치료제 YH25724 연구 시작일은... ",https://www.dailymedi.com/news/news_view.php?wr_id=909603,신약개발
267250,HD현대,www.theguru.co.kr,2024-03-18 11:20:00,'효성·HD현대 참여' 英 노스요크셔 '6800억원' 고전압 전력망 사업 승인,英 에너지안보·넷제로부서 개발동의명령(DCO) 승인 내셔널그리드 주도…효성·HD현대 변압기 활용  영국 전력망 운영사 내셔널그리드가 추진하는 '4억 파운드(약 6800억원)' 규모 노스요크셔주 전력망 구축... ,https://www.theguru.co.kr/news/article.html?no=68158,인수합병
267260,HD현대일렉트릭,www.theguru.co.kr,2024-03-18 11:20:00,'효성·HD현대 참여' 英 노스요크셔 '6800억원' 고전압 전력망 사업 승인,효성중공업과 HD현대일렉트릭은 변압기를 본격 공급해 유럽에서 존재감을 확인한다. 18일 내셔널그리드에 따르면 이 회사는 지난 14일(현지시간) 영국 에너지안보·넷제로부로부터 요크셔 그린(Yorkshire GREEN)... ,https://www.theguru.co.kr/news/article.html?no=68158,인수합병
051900,LG생활건강,www.inews365.com,2024-03-17 14:48:00,"LG생활건강, '비욘드 땡스에디션' 5종 출시",［충북일보］ LG생활건강은 스킨 릴리프 뷰티 브랜드 비욘드에서 비동물성 원료를 사용하고 한국비건인증원에서 비건 인증을 획득한 '땡스에디션(Thanks Edition)' 5종(사진)을 출시했다고 17일 밝혔다. 땡스에디션은... ,https://www.inews365.com/news/article.html?no=805768,신제품출시
078930,GS,www.lawissue.co.kr,2024-03-18 13:38:00,"GS샵, ‘라플리’, ‘피카딜리’ 출시","GS샵은 TV홈쇼핑을 통해 3월 21일(목) 오전 8시에 플리츠(Pleats) 브랜드 ‘라플리(LAPLI)’를 론칭한다. 이어 4월 중으로 컴포트 슈즈 브랜드 ‘피카딜리(PICCADILLY)’도 방송으로 선보인다. GS샵 관계자는 ""이번에 선보이는 두... ",http://www.lawissue.co.kr/view.php?ud=202403181334546812204ead0791_12,신제품출시
097950,CJ제일제당,www.yna.co.kr,2024-03-18 11:35:00,"CJ제일제당, '고메 소바바치킨' 양념맛 출시",지난해 출시 8개월 만에 매출 500억원을 돌파하며 냉동치킨 시장 판도를 뒤흔든 CJ제일제당의 '고메 소바바치킨'이 이번에 양념치킨 신제품을 선보인다. CJ제일제당은 '고메 소바바치킨 양념' 2종(순살·봉)을 출시한다고... ,https://n.news.naver.com/mnews/article/001/0014570223?sid=101,신제품출시
128940,한미약품,www.nbnews.kr,2024-03-18 15:13:00,"한미약품, 美암연구학회서 'p53-mRNA 항암 신약' 연구결과 등 10건 발표",내달 5~10일 미국 샌디에이고에서 열리는 AACR 2024에서 발표될 한미약품 주요 연구 포스터 초록 소개. [사진 한미약품] 한미사이언스는 한미약품이 내달 5~10일 미국 샌디에이고에서 열리는 '미국암연구학회... ,https://www.nbnews.kr/news/articleView.html?idxno=89295,신약개발
001040,CJ,www.yna.co.kr,2024-03-18 11:35:00,"CJ제일제당, '고메 소바바치킨' 양념맛 출시",지난해 출시 8개월 만에 매출 500억원을 돌파하며 냉동치킨 시장 판도를 뒤흔든 CJ제일제당의 '고메 소바바치킨'이 이번에 양념치킨 신제품을 선보인다. CJ제일제당은 '고메 소바바치킨 양념' 2종(순살·봉)을 출시한다고... ,https://n.news.naver.com/mnews/article/001/0014570223?sid=101,신제품출시
008930,한미사이언스,www.kdfnews.com,2024-03-18 14:48:00,"한미, 美 AACR서 업계 최다 연구과제 발표...""신약개발 없으면 죽은 기업""",한미그룹 한미사이언스(이하 한미그룹)는 한미약품이 내달 5일부터 10일까지 미국 샌디에이고에서 열리는 '미국암연구학회(AACR 2024)'에 참가해 10개의 신규 연구과제를 공개한다고 18일 밝혔다. 공개 연구... ,http://www.kdfnews.com/news/articleView.html?idxno=128786,신약개발
112040,위메이드,www.techm.kr,2024-03-18 15:06:00,'나이트 크로우 글로벌' 출시 1주일...위메이드 주가·위믹스 가격 상승세 전...,위메이드 주가 / 사진=네이버파이낸셜 지난주 장현국 위메이드 대표 사임 이후 급락했던 위메이드 주가와 가상자산 위믹스 가격이 반등에 성공했다. 블록체인 게임 '나이트 크로우 글로벌'의 지속적인 성장세와... ,https://www.techm.kr/news/articleView.html?idxno=121745,신제품출시
028670,팬오션,www.fntimes.com,2024-03-18 17:08:00,"""BDI 두달만에 1066p 상승""...'HMM인수 무산'이어 팬오션 호재 기대","최근 벌크선 운임 지수인 발틱 운임지수(BDI, Baltic Dry Index)가 상승세를 맞으면서 벌크선 위주 선사인 팬오션의 주가 상승이 기대된다. 팬오션은 지난해 코로나19 특수 효과 소멸과 하림그룹의 HMM인수를 위한... ",http://www.fntimes.com/html/view.php?ud=202403181644095213f2c09cdf82_18,인수합병
282330,BGF리테일,www.businesspost.co.kr,2024-03-17 14:04:00,"CU 1500원짜리 막걸리 출시, 국내산 알밤 발효시킨 ‘밤값막걸리’ 선보여",CU를 운영하는 BGF리테일은 20일 초저가 '밤값막걸리'(750㎖/1500원)를 출시한다고 17일 밝혔다. CU를 운영하는 BGF리테일이 초저가 '밤값막걸리'(750㎖/1500원)를 출시한다. < BGF리테일 > BGF리테일은 NB(제조업체... ,https://www.businesspost.co.kr/BP?command=article_view&num=345830,신제품출시
067630,HLB생명과학,www.topdaily.kr,2024-03-18 16:16:00,"HLB, 간암신약 상용화 준비 '잰걸음'","이에 더해 HLB제약, HLB생명과학은 CG인바이츠와 국내 상업화를 감안한 계약까지 체결했다. 미국 FDA로부터 간암신약에 대한 신약허가를 받은 이후 국내 품목허가 등을 추진하겠다는 로드맵을 구상한 셈이다. 이들은... ",https://www.topdaily.kr/articles/96803,신약개발
139480,이마트,www.dt.co.kr,2024-03-17 12:10:00,"이마트24, 봄 제철 식재료 활용한 간편식 출시",이마트24는 봄철 주꾸미와 대표적인 봄 나물인 봄동으로 구성된 '봄동주꾸미 비빔밥'을 판매한다고 17일... 이마트24가 서울 낮 최고기온이 10도를 웃돌았던 이달 10일부터 14일까지 주요 상품 매출을 분석한 결과... ,https://n.news.naver.com/mnews/article/029/0002861446?sid=101,신제품출시
328130,루닛,www.thebell.co.kr,2024-03-18 09:02:00,"[더벨]루닛, '볼파라 인수대금 마련' 메자닌 한도 1조로 확대","루닛이 메자닌 발행 한도를 1조원으로 늘린다. 의료AI 기업 볼파라 인수가 막바지 단계에 접어든 상황에서... ◇인수금 납입 전 자금 조달 여력 마련, 상장 후 첫 메자닌 발행 가능성 루닛은 오는 29일 정기주주총회를... ",https://www.thebell.co.kr/free/content/ArticleView.asp?key=202403141822279840101920,인수합병
073240,금호타이어,www.yna.co.kr,2024-03-17 21:10:00,금호타이어 '이노뷔' 출시,금호타이어는 자사의 두 번째 전기차 전용 타이어 '이노뷔'(EnnoV)를 출시한다고 17일 밝혔다. 이노뷔는 '전기'를 뜻하는 일렉트릭(Electric)과 '혁신'을 뜻하는 이노베이션(Innovation)을 결합한 단어다. 사진은... ,https://n.news.naver.com/mnews/article/001/0014569109?sid=101,신제품출시
004170,신세계,www.yna.co.kr,2024-03-18 06:00:00,백화점 VIP를 미식의 세계로…신세계-미쉐린가이드 첫 파트너십,신세계백화점은 120년 전통의 세계적인 미식 안내서 미쉐린가이드와 공식 파트너십을 맺고 올해부터 2년간... 국내 백화점 중에서 미쉐린 가이드와 파트너십을 맺은 것은 신세계가 유일하다. 신세계는 이번 협업이 자사... ,https://n.news.naver.com/mnews/article/001/0014569230?sid=101,파트너쉽
003620,KG모빌리티,biz.chosun.com,2024-03-18 16:42:00,"‘쌍용차 인수 실패’ 스마트솔루션즈, 계약금 반환 소송 패소",쌍용자동차(KG모빌리티) 인수전에 참여했던 스마트솔루션즈(옛 에디슨EV)가 계약금을 반환해달라며 소송을 제기했으나 패소했다. 18일 법조계에 따르면 서울중앙지법 민사합의21부는 지난 1월 25일 스마트솔루션이... ,https://n.news.naver.com/mnews/article/366/0000978804?sid=102,인수합병
003620,KG모빌리티,daily.hankooki.com,2024-03-18 17:42:00,2~3천만원대 전기차 출시 전망...'카플레이션'에 단비?,KG모빌리티 토레스 EVX. 사진=안효문 기자 '카플레이션(자동차 + 인플레이션)'이란 신조어가 등장할 정도로 자동차 가격이 천정부지로 치솟고 있다. 이에 국내 완성차 제조사들은 올해 보조금을 감안하면 3000만원대... ,https://daily.hankooki.com/news/articleView.html?idxno=1063423,신제품출시
000080,하이트진로,www.wsobi.com,2024-03-18 13:42:00,하이트진로 '진로골드' 출시,하이트진로는 신제품 '진로골드'를 선보인다고 15일 밝혔다. 과당을 사용하지 않은 '제로슈거' 소주로 쌀 100% 증류원액을 첨가했다. 15.5도로 개발했다. 하이트진로는 새로운 '골드 두꺼비' 캐릭터를 활용해 마케팅... ,http://www.wsobi.com/news/articleView.html?idxno=234160,신제품출시
069620,대웅제약,www.etnews.com,2024-03-18 10:00:00,"대웅제약, 건기식 브랜드 '닥터베어' 출시",대웅제약은 건강기능식품 브랜드 '닥터베어(Dr.Bear)'를 출시했다고 18일 밝혔다. '닥터베어'는 곰을 뜻하는 영단어 'BEAR'의 각 알파벳을 따서 고객과의 4가지 약속을 담았다. △기본에 충실한 제품(Basic) △전문... ,https://n.news.naver.com/mnews/article/030/0003189812?sid=102,신제품출시
003090,대웅,www.etnews.com,2024-03-18 10:00:00,"대웅제약, 건기식 브랜드 '닥터베어' 출시",대웅제약은 건강기능식품 브랜드 '닥터베어(Dr.Bear)'를 출시했다고 18일 밝혔다. '닥터베어'는 곰을... 대웅제약 닥터베어는 '닥터베어 EX(Expert)'와 '닥터베어 RX(Prescription)' 두 제품군으로 출시했다. '닥터베어 EX'는... ,https://n.news.naver.com/mnews/article/030/0003189812?sid=102,신제품출시
039130,하나투어,www.yna.co.kr,2024-03-18 09:32:00,"'자유여행 강화'…하나투어, 선택형 결합상품 '내맘대로' 출시","하나투어는 고객이 직접 항공, 호텔 조건을 선택하는 고객 선택형 결합상품 '내맘대로'를 지난 14일 선보였다고 18일 밝혔다. 자유여행객들은 항공, 호텔, 현지투어 예약을 위해 각 업체 또는 플랫폼에서 예약하는 과정을... ",https://n.news.naver.com/mnews/article/001/0014569549?sid=103,신제품출시
086900,메디톡스,www.ntoday.co.kr,2024-03-18 16:08:00,LG화학 '턱밑 지방 개선 주사제' 출시…시장 경쟁 초읽기,현재 대웅제약의 브이올렛이 해당 시장을 선점하고 있는 가운데 LG화학을 시작으로 메디톡스도 연내 진출을... LG화학의 다음 타자로 메디톡스가 시장 진입을 준비하고 있다. 메디톡스는 지난해 12월 식약처에 중등증... ,https://www.ntoday.co.kr/news/articleView.html?idxno=104121,신제품출시
047920,HLB제약,www.topdaily.kr,2024-03-18 16:16:00,"HLB, 간암신약 상용화 준비 '잰걸음'","이에 더해 HLB제약, HLB생명과학은 CG인바이츠와 국내 상업화를 감안한 계약까지 체결했다. 미국 FDA로부터 간암신약에 대한 신약허가를 받은 이후 국내 품목허가 등을 추진하겠다는 로드맵을 구상한 셈이다. 이들은... ",https://www.topdaily.kr/articles/96803,신약개발
089590,제주항공,www.viva100.com,2024-03-18 06:48:00,제주항공이 아시아나 화물 인수 '멈칫 멈칫'하는 까닭,제주항공이 아시아나 화물 인수 '멈칫 멈칫'하는 까닭 아시아나항공 화물사업부 적격인수 후보에 선정된 4개 항공사(제주항공·이스타항공·에어프레미아·에어인천)의 실사가 시작된 가운데 제주항공의 인수 자금... ,https://www.viva100.com/main/view.php?key=20240317010005126,인수합병
115450,HLB테라퓨틱스,www.topdaily.kr,2024-03-18 16:16:00,"HLB, 간암신약 상용화 준비 '잰걸음'","리보세라닙은 HLB 미국 자회사인 엘레바 테라퓨틱스가 개발중인 표적항암치료제다. 간암과 위암, 선낭암 등을 적응증으로 두고 있다. FDA는 리보세라닙을 간암 1차 치료제로 ‘신약허가’하기 위한 본심사를 진행... ",https://www.topdaily.kr/articles/96803,신약개발
079160,CJ CGV,www.newstomato.com,2024-03-18 12:02:00,CJ올리브네트웍스 감평 승인 '하세월'에도 허민회 대표 재선임 유력,뉴스토마토 = 신상민 기자 | CJ올리브네트웍스 감정평가 보고서에 대한 법원의 판단이 5개월째 미뤄지면서 CJ CGV(079160)의 속이 타고 있습니다. CGV는 작년 유상증자를 진행하면서 CJ올리브네트웍스 현물 출자 가능... ,http://www.newstomato.com/ReadNews.aspx?no=1223380&inflow=N,규제승인
310210,보로노이,news.mt.co.kr,2024-03-18 16:10:00,"보로노이, 폐암신약 후보 나란히 임상 순항…선순환에 기대감 동반 상승",보로노이의 비소세포폐암 신약 파이프라인이 잇따라 임상 본궤도에 진입하면서 신약개발 성공에 대한... 18일 보로노이에 따르면 이 회사는 비소세포폐암(NSCLC) 치료제 후보물질 'VRN11'의 임상 1상 환자 투약을 앞두고... ,https://n.news.naver.com/mnews/article/008/0005013324?sid=101,신약개발
053800,안랩,www.ddaily.co.kr,2024-03-18 14:42:00,[주간 클라우드 동향/3월③] 안랩이 클라우드 네이티브 기업을 인수했다?,"국내 보안기업 안랩이 새로운 성장동력 확보를 위해 클라우드 네이티브 기업 인수를 발표했습니다. 안랩이 클라우드메이트 지분 95.71%를 인수하기로 한 건데, 취득 금액으론 150억원 규모입니다. 다음달... ",https://n.news.naver.com/mnews/article/138/0002169120?sid=004,인수합병
001680,대상,www.newsis.com,2024-03-18 11:20:00,"큐라티스 ""장년·노년 대상 결핵백신 임상1상 계획 승인""",대상으로 자사 결핵백신 후보물질 'QTP101'의 안전성을 평가하기 위한 임상 1상 시험계획(IND)을 식품의약품안전처에서 승인받았다고 18일 밝혔다. 이번 임상에서 결핵에 취약한 장년 및 노년(만 55~74세)의 건강한 대상자... ,https://n.news.naver.com/mnews/article/003/0012432948?sid=102,신약개발
170900,동아에스티,www.newsis.com,2024-03-18 08:48:00,"'국산신약 최다 개발' 동아에스티…""바이오 시밀러 도전""",국산 신약을 가장 많이 개발한 제약회사로 꼽히는 동아에스티가 이번엔 바이오시밀러(바이오의약품 복제약) 분야 성과가 기대된다. 18일 제약업계에 따르면 동아에스티는 미국과 유럽 등 글로벌 무대에 선보일... ,https://n.news.naver.com/mnews/article/003/0012432307?sid=102,신약개발
001720,신영증권,www.econovill.com,2024-03-18 15:22:00,"'신탁 강자' 신영증권, APEX결혼·출산 신탁 출시",신영증권이 자녀와 손자녀의 결혼과 출산 등을 축하하고 지원하고자 하는 고객들을 위하여 'APEX결혼·출산 신탁'을 출시했다고 18일 밝혔다. APEX결혼·출산 신탁은 결혼·출산 자금을 미리 준비하는 것 뿐만 아니라... ,https://www.econovill.com/news/articleView.html?idxno=649229,신제품출시
030190,NICE평가정보,www.newsis.com,2024-03-17 09:46:00,"NH농협은행, 신용점수 올리기·조기은퇴 진단 출시",농협은행에 따르면 전문 신용평가기관인 나이스(NICE)평가정보와 제휴한 신용점수 올리기는 별도의 자료제출 없이 마이데이터에 금융자산을 연결하면 신용점수를 올릴 수 있다. 조기은퇴진단 서비스는 조기은퇴... ,https://n.news.naver.com/mnews/article/003/0012431082?sid=101,신제품출시
378340,필에너지,www.asiaa.co.kr,2024-03-18 09:24:00,"그래비티 서울 판교, '필 다이내믹 위드 그래비티' 패키지 출시",31일까지 '필 다이내믹 위드 그래비티(Feel Dynamic with GRAVITY)' 패키지를 선보인다고 18일 밝혔다. 이번... '딜라이트 시그니처 타워'는 △제철 과일과 쁘띠 디저트를 기본으로 △에너지 부스팅 샐러드 △새우 시저 샐러드... ,http://www.asiaa.co.kr/news/articleView.html?idxno=163437,신제품출시
108860,셀바스AI,zdnet.co.kr,2024-03-18 16:47:00,"셀바스AI, 온디바이스AI 제품 출시 나선 이유는",셀바스AI가 전자책을 사람처럼 읽어주는 온디바이스 제품을 출시해 점차 커지고 있는 온디바이스AI 시장을 본격 공략한다. 셀바스AI는 웹소설 등 전자책을 사람 음성으로 읽는 AI 음성합성 제품 '셀비 딥TTS 온디바이스... ,https://n.news.naver.com/mnews/article/092/0002324882?sid=105,신제품출시
078340,컴투스,www.newsis.com,2024-03-18 18:06:00,"컴투스, 야구단 운영 게임 'OOTP 25' 글로벌 출시…25년 장수게임",컴투스는 글로벌 야구 매니지먼트 게임 '아웃 오브 더 파크 베이스볼(OOTP 베이스볼)'의 최신작을 글로벌 지역에 출시했다고 18일 밝혔다. 컴투스의 자회사 아웃 오브 더 파크 디벨롭먼츠가 개발하고 서비스하는 ‘OOTP... ,https://n.news.naver.com/mnews/article/003/0012434472?sid=105,신제품출시
078340,컴투스,www.inews24.com,2024-03-18 10:45:00,"컴투스홀딩스 엑스플라, 이스크라와 전략적 파트너십",컴투스홀딩스의 블록체인 메인넷 엑스플라(XPLA)는 웹3 블록체인 게임 플랫폼 이스크라와 전략적 파트너십을... 컴투스홀딩스는 두 프로젝트가 협력 관계를 구축함으로써 성공적인 웹3 경험을 공유하는 것은 물론 양측의... ,https://n.news.naver.com/mnews/article/031/0000821095?sid=105,파트너쉽
005180,빙그레,www.mk.co.kr,2024-03-18 11:04:00,"빙그레, ‘요플레 플레인 화이트 락토프리’ 출시",빙그레는 요플레의 맛과 영양에 소화까지 고려한 ‘요플레 플레인 화이트 락토프리’를 출시한다고 18일... 빙그레는 국내 호상(떠먹는) 발효유 시장에서 이번 신제품이 유당에 대한 불편함을 겪는 소비자는 물론... ,https://n.news.naver.com/mnews/article/009/0005273823?sid=103,신제품출시
034310,NICE,www.newsis.com,2024-03-17 09:46:00,"NH농협은행, 신용점수 올리기·조기은퇴 진단 출시",농협은행에 따르면 전문 신용평가기관인 나이스(NICE)평가정보와 제휴한 신용점수 올리기는 별도의 자료제출 없이 마이데이터에 금융자산을 연결하면 신용점수를 올릴 수 있다. 조기은퇴진단 서비스는 조기은퇴... ,https://n.news.naver.com/mnews/article/003/0012431082?sid=101,신제품출시
034310,NICE,www.apparelnews.co.kr,2024-03-18 16:40:00,"비엔비엔 X 나이스웨더, 협업 컬렉션 출시","‘나이스웨더(NICE WEATHER)’와의 협업 컬렉션을 런칭하고, 3월 28일부터 나이스웨더 가로수길 마켓에서 팝업스토어를 진행한다. 반려동물과 산책하기 좋은 날, ‘NICE WEATHER!’를 주제로 한 협업 컬렉션은 반려동물과... ",http://www.apparelnews.co.kr/news/news_view/?idx=210336,파트너쉽
082270,젬백스,www.pinpointnews.co.kr,2024-03-18 14:20:00,라온텍 주가 룰루랄라~...AI 스마트 안경 연내 출시 주목,넥스터 젬백스링크 나노켐텍  커머스마이너 맥스트 넷마블 나노캠텍 젬백스링크 이랜텍 세코닉스 디모아 비유테크놀로지 엔씨소프트 엠게임은 대부분 크게 출렁 거리고 있다. 증강현실(AR)은 현실 세계에 가상... ,https://www.pinpointnews.co.kr/news/articleView.html?idxno=252691,신제품출시
093050,LF,news.tf.co.kr,2024-03-18 14:29:00,"LF '바버', 봄철 맞아 신제품 매출 50%↑",오프라인 고객 중 여성 고객 60% LF는 영국 브랜드 '바버'의 올해 봄·여름철 제품이 고객 호응을 끌고 있다고 18일 밝혔다. LF에 따르면 올해 1월 1일부터 3월 15일까지 '바버' 매출액이 지난해 같은 기간 대비 50% 성장했다.... ,https://n.news.naver.com/mnews/article/629/0000274299?sid=101,신제품출시
018250,애경산업,daily.hankooki.com,2024-03-18 17:14:00,"애경산업, 에이지투웨니스 '선 에센스 팩트 카밍 롱프로텍션' 출시",사진= 애경산업 제공  애경산업의 AGE20'S(에이지투웨니스)는 자외선 차단은 물론 자극받은 피부의 진정을 도와주는 '선 에센스 팩트 카밍 롱프로텍션'을 출시했다고 18일 밝혔다. 선 에센스 팩트 카밍 롱프로텍션은 자외선... ,https://daily.hankooki.com/news/articleView.html?idxno=1063458,신제품출시
453340,현대그린푸드,view.asiae.co.kr,2024-03-18 10:00:00,"현대그린푸드, 그리팅몰 4주년 기념 신제품 최대 15% 할인",현대그린푸드는 공식 온라인몰인 그리팅몰 개설 4주년을 기념해 신제품 특별 할인전을 비롯한 다양한 이벤트를 진행한다고 18일 밝혔다. 우선 오는 24일까지 '4주년 시그니처 신상 모아보기 기획전'을 열고 신제품을 최대... ,https://n.news.naver.com/mnews/article/277/0005393362?sid=103,신제품출시
017810,풀무원,daily.hankooki.com,2024-03-18 16:36:00,"풀무원, '스팀쿡 플러스 에어프라이어 15ℓ' 출시",사진=풀무원 제공 풀무원은 소비자 니즈를 반영해 '스팀쿡 에어프라이어 10.5ℓ' 모델을 업그레이드한 '스팀쿡 플러스 에어프라이어 15ℓ'를 출시했다고 18일 밝혔다. 10.5ℓ의 내부 조리 공간 용량을 15ℓ로 확대해 더욱... ,https://daily.hankooki.com/news/articleView.html?idxno=1063336,신제품출시
044490,태웅,mdtoday.co.kr,2024-03-18 07:52:00,"올림푸스, 태웅메디칼 인수 철회",의료기업 태웅메디칼 인수를 철회한다는 소식이 외신을 통해 알려졌다. 최근 외신에 따르면 올림푸스는 태웅메디칼 기존 주주와의 합의를 통해 인수를 철회했다. 올림푸스는 태웅메디칼을 3억7000만 달러(4945억원)에... ,https://mdtoday.co.kr/news/view/1065602641342070,인수합병
027410,BGF,www.businesspost.co.kr,2024-03-17 14:04:00,"CU 1500원짜리 막걸리 출시, 국내산 알밤 발효시킨 ‘밤값막걸리’ 선보여",CU를 운영하는 BGF리테일은 20일 초저가 '밤값막걸리'(750㎖/1500원)를 출시한다고 17일 밝혔다. CU를 운영하는 BGF리테일이 초저가 '밤값막걸리'(750㎖/1500원)를 출시한다. < BGF리테일 > BGF리테일은 NB(제조업체... ,https://www.businesspost.co.kr/BP?command=article_view&num=345830,신제품출시
003220,대원제약,news.mt.co.kr,2024-03-17 14:13:00,"'감기약 강자' 대원제약, 비만신약 개발 본격화에 성장 기대감↑",감기약 실적 호조에 사상 첫 매출액 5000억원 고지를 넘어선 대원제약이 비만신약 개발 본격화를 통한 추가 성장동력 마련에 박차를 가한다. 대원제약은 주력 제품군인 감기약 성장세 지속과 화장품 사업 인수합병으로... ,https://n.news.naver.com/mnews/article/008/0005012814?sid=101,신약개발
448280,에코아이,it.chosun.com,2024-03-18 09:02:00,"길온, 영창에코와 아이솔키즈 및 아이키워 앱 출시",이번 출시되는 아이솔키즈와 아이키워는 길온과 국내 인솔 전문 제조업체 영창에코가 약 2년여간 공동 개발한 제품이다. 영창에코가 독자 개발한 인솔과 길온의 디바이스 및 서비스가 결합됐다. 아이키워 서비스는... ,https://it.chosun.com/news/articleView.html?idxno=2023092111890,신제품출시
136480,하림,www.fntimes.com,2024-03-18 17:08:00,"""BDI 두달만에 1066p 상승""...'HMM인수 무산'이어 팬오션 호재 기대",팬오션은 지난해 코로나19 특수 효과 소멸과 하림그룹의 HMM인수를 위한 유상증자 소식에 하락세가... 지난해 하림그룹은 HMM 인수 자금조달을 위해 계열사 팬오션이 3조원 규모 유상증자를 할 계획이라고 밝혔다.... ,http://www.fntimes.com/html/view.php?ud=202403181644095213f2c09cdf82_18,인수합병
003580,HLB글로벌,www.topdaily.kr,2024-03-18 16:16:00,"HLB, 간암신약 상용화 준비 '잰걸음'","특히 가장 시장이 큰 항암제 분야에서 직접 글로벌 3상 임상을 성공적으로 마치고 NDA를 진행하는 것은 HLB가 최초다. 이같은 미국진출에 따른 매출 기여 또한 역대급으로 예상된다. HLB 관계자는 ""리보세라닙 시판 후... ",https://www.topdaily.kr/articles/96803,신약개발
064800,젬백스링크,www.pinpointnews.co.kr,2024-03-18 14:20:00,라온텍 주가 룰루랄라~...AI 스마트 안경 연내 출시 주목,이날 오후 2시 17분 현재 증강현실 관련주인 드래곤플라이 아이엠 신도기연 텔레칩스 엠게임 라온텍 위지윅스튜디오 버넥트 에스넷 아이오케이 한빛소프트 다날 에이트원 팅크웨어 가온그룹 넥스터 젬백스링크... ,https://www.pinpointnews.co.kr/news/articleView.html?idxno=252691,신제품출시
080160,모두투어,www.etnews.com,2024-03-18 14:17:00,"모두투어, 인천-취리히 직항 신규 노선 기념 기획전 출시",모두투어는 스위스 항공의 인천-취리히 재취항을 기념해 스위스 기획전을 출시했다고 18일 밝혔다. 스위스 항공은 5월 8일부터 취리히-서울·인천 직항 노선을 주 3회 운항한다. 인천-취리히 직항 정기편은 스위스... ,https://n.news.naver.com/mnews/article/030/0003189969?sid=101,신제품출시
138580,비즈니스온,news.mt.co.kr,2024-03-18 16:33:00,"TEXTNET, 비즈니스 맞춤형 LLM 구축 PoC 지원 프로그램 출시","스피링크(대표 고경민)의 인공지능 학습 데이터 구축 서비스 텍스트넷(TEXTNET)이 비즈니스 맞춤형 대규모... 기업 비즈니스에 맞는 '프라이빗 LLM'을 8주 만에 도입할 수 있다. 특히 청자 선호 발화, 대화 패턴 연구... ",https://n.news.naver.com/mnews/article/008/0005013342?sid=101,신제품출시
005500,삼진제약,www.news2day.co.kr,2024-03-18 19:36:00,"[취준생을 위하여(172)] 삼진제약, ‘뇌 질환 투자’와 ‘신제품 출시’에 담...","삼진제약 취업준비생들, 알츠하이머병 시장 규모를 파악하면서 뇌 질환 분야 투자의 효용을 분석해야 ‘고용절벽’ 시대의 효율적인 취업전략은 무엇일까요. 주요기업 인사담당자들은 한결같이 직무능력을 키우라고... ",https://www.news2day.co.kr/article/20240315500017,신제품출시
095720,웅진씽크빅,www.newsis.com,2024-03-18 15:24:00,"웅진씽크빅, 신규교육만화 '신비아파트 공부 귀신' 출시",웅진씽크빅이 신규 교육만화 시리즈 '신비아파트 공부 귀신'을 출시했다고 18일 밝혔다. 신비아파트 공부 귀신은 국내 키즈 채널에서 인기리에 방영 중인 애니메이션 신비아파트를 리메이크한 지식·교양 판타지 시리즈다.... ,https://n.news.naver.com/mnews/article/003/0012433899?sid=101,신제품출시
007570,일양약품,www.ggmedinews.com,2024-03-18 17:22:00,"[신제품] LG화학 '벨라콜린', 일양약품 '코큐텐비타알부엑스정', 유한양행 '윌...","■ 일양약품, 종합비타민영양제 '코큐텐비타알부엑스정' 일양약품이 '코엔자임 Q10'이 함유된 종합 비타민 영양제 '코큐텐비타알부엑스정'을 최근 출시했다. 코큐텐비타알부엑스정은 코엔자임 Q10으로 불리는... ",http://www.ggmedinews.com/news/articleView.html?idxno=4589,신제품출시
226950,올릭스,news.mt.co.kr,2024-03-18 05:00:00,"세계 첫 MASH 신약, K제약 은메달 각축","국내에서도 한미약품, 동아에스티, 유한양행, 올릭스 등이 MASH 신약을 개발 중인 가운데 제약·바이오... 올릭스도 MASH 발병과 관련된 유전자 발현을 억제하는 기전의 'OLX702A'를 개발하고 있다. OLX702A는 호주 임상... ",https://n.news.naver.com/mnews/article/008/0005012896?sid=101,신약개발
063080,컴투스홀딩스,www.inews24.com,2024-03-18 10:45:00,"컴투스홀딩스 엑스플라, 이스크라와 전략적 파트너십",컴투스홀딩스의 블록체인 메인넷 엑스플라(XPLA)는 웹3 블록체인 게임 플랫폼 이스크라와 전략적 파트너십을 체결했다고 18일 밝혔다. 이스크라는 게임 및 IT 업계 베테랑들이 개발한 웹3 블록체인 게임 플랫폼이다.... ,https://n.news.naver.com/mnews/article/031/0000821095?sid=105,파트너쉽
001520,동양,www.dynews.co.kr,2024-03-18 19:08:00,"㈜큐라티스, 결핵백신 임상 1상 시험계획 승인",［동양일보 도복희 기자］성인·청소년 대상 결핵백신 개발 바이오기업 ㈜큐라티스(대표 조관구)는 국내 노인 대상 결핵백신 임상 1상 시험계획(IND) 승인을 받았다고 18일 밝혔다. 큐라티스는 이번 임상을 통해... ,http://www.dynews.co.kr/news/articleView.html?idxno=744307,신약개발
090350,노루페인트,biz.chosun.com,2024-03-18 10:34:00,"노루페인트, 자동차 보수용 친환경 수용성 페인트 출시",노루페인트가 친환경 수용성 자동차 보수용 도료 ‘워터칼라 플러스(Water Color Plus)’를 출시했다고 18일 밝혔다. 자동차 보수용 도료는 운행 중에 외부 충격으로 손상된 부위를 복구하는 데 쓰인다. 지난 2021년 1월... ,https://n.news.naver.com/mnews/article/366/0000978684?sid=101,신제품출시
418420,라온텍,www.newsis.com,2024-03-18 13:41:00,"라온텍 ""美 고객사, 연내 AI 스마트 안경 출시 전망""",라온텍은 미국 고객사가 개발 중인 AI(인공지능) 스마트 안경이 연내 출시될 것으로 예상한다고 18일... 라온텍의 고객사 아브간트는 지난 1월 세계 최대 광학 전시회 및 컨퍼런스(2024 SPIE AR·VR·MR Conference)에서... ,https://n.news.naver.com/mnews/article/003/0012433463?sid=101,신제품출시
310200,애니플러스,www.thebell.co.kr,2024-03-18 07:42:00,"[더벨][부활하는 애니메이션]'M&A 공세' 애니플러스, 핵심 전력은 '라프텔'",애니플러스는 애니메이션 전문 채널로 잘 알려졌다. 애초 일본 애니메이션 판권을 사와서 단순히 유통하는 사업에 주력하던 곳이다. 이 분야에선 업계 1위를 오래 유지했지만 눈에 띄는 성장성은 없었다. 하지만... ,https://www.thebell.co.kr/free/content/ArticleView.asp?key=202403140252240600105381,인수합병
002990,금호건설,www.fetv.co.kr,2024-03-17 07:02:00,"[위클리 부동산] 건설업계, 준공 지연으로 채무인수 '골치'",대표적을 최근 HDC현대산업개발과 금호건설이 있다.  HDC현대산업개발은 지난해 12월 경기도 안성 물류센터의 책임준공 기한을 준수하지 못해 995억원 규모의 채무를 인수했다.  금호건설은 지난 2월 중순쯤 수원시... ,https://www.fetv.co.kr/news/article.html?no=161009,인수합병
377480,마음AI,www.aitimes.com,2024-03-18 18:24:00,"수노, 음악 생성 AI 'V3'출시...""음악판 '소라' 평가 등장""",인공지능(AI)이 나왔다. 혁신적인 기능과 뛰어난 품질로 인해 '음악판 소라(Sora)'라는 평가까지 나왔다. 음악... 마음에 들지 않는 부분이 있으면 변경을 요청할 수 있다. 사용자는 '사용자 정의 모드'를 통해 자신만의... ,https://www.aitimes.com/news/articleView.html?idxno=158046,신제품출시
300120,라온피플,www.nbnews.kr,2024-03-18 09:44:00,"라온메디, 치과 투명교정소프트웨어 '얼라인스튜디오' 美FDA 승인",라온피플 자회사 라온메디의 치과 투명교정소프트웨어 '얼라인스튜디오' 분석 보고서. [사진 라온메디] 인공지능(AI) 메디컬 전문기업 라온메디는 자사가 개발한 치과 투명교정소프트웨어 얼라인스튜디오(Align... ,https://www.nbnews.kr/news/articleView.html?idxno=89251,규제승인
300120,라온피플,www.etoday.co.kr,2024-03-18 09:30:00,"라온메디, 美 FDA 승인…AI 치과 투명교정소프트웨어 판매 본격화",이투데이=설경진 기자 | 라온피플의 자회사 라온메디가 개발한 치과 투명교정소프트웨어 얼라인스튜디(Align Studio)가 최근 미국 식품의약국(FDA)에서 의료기기 승인을 받았다. 18일 라온메디에 따르면 얼라인스튜디오는... ,https://www.etoday.co.kr/news/view/2341166,신약개발
214260,라파스,news.mt.co.kr,2024-03-17 14:13:00,"'감기약 강자' 대원제약, 비만신약 개발 본격화에 성장 기대감↑",DW-1022는 대원제약과 마이크로니들 전문 개발사인 라파스가 공동 개발하는 품목이다. 주성분인 세마글루티드를 탑재한 마이크로니들 형태의 패치제로 기존 주사제 방식 대비 투약 및 보관 편의성을 높인 것이... ,https://n.news.naver.com/mnews/article/008/0005012814?sid=101,신약개발
086820,바이오솔루션,www.hitnews.co.kr,2024-03-18 06:12:00,"""바이오·헬스케어 인재 플랫폼 민트MD, '닥터위즈·닥터매치' 출시""","민트MD는 바이오·헬스케어 분야의 인재 플랫폼으로, 기업들에 임상 의사의 자문 또는 채용 솔루션을 제공하고 있다. / 사진=남대열 기자 송 팀장은 ""민트MD는 바이오ㆍ헬스케어 분야의 인재 플랫폼으로, 기업들에 임상... ",http://www.hitnews.co.kr/news/articleView.html?idxno=53188,신제품출시
090850,현대이지웰,www.yna.co.kr,2024-03-18 08:31:00,"현대이지웰, 복지포인트 활용 고속버스 승차권 예매 서비스 출시","현대백화점그룹 계열 토탈 복지솔루션기업 현대이지웰은 전국고속버스운송사업조합, 티머니와 제휴를 통해 복지포인트를 활용한 고속버스 승차권 예매 서비스를 오는 21일 출시한다고 18일 밝혔다. 국내에서... ",https://n.news.naver.com/mnews/article/001/0014569378?sid=101,신제품출시
082850,우리바이오,www.hankyung.com,2024-03-18 08:47:00,"셀트리온, 美서 ‘짐펜트라’ 출시…PBM 등재로 판로 확보 나서","셀트리온은 짐펜트라의 신약 지위 및 염증성 장질환(IBD) 경쟁 의약품 가격, 미국 제약바이오 시장 특성... 우리 몸에서 TNF-α가 과도하게 활성화될 경우 특정 기관을 공격하는 심각한 자가면역질환을 유발한다. TNF-α... ",https://n.news.naver.com/mnews/article/015/0004960988?sid=105,신제품출시
002700,신일전자,www.dt.co.kr,2024-03-18 12:00:00,"""추억의 디자인 그대로""…신일전자, `가마솥 멀티쿠커` 출시",신일전자가 레트로 감성을 자극하면서도 요리의 번거로움은 줄여줄 '가마솥 멀티쿠커'를 출시했다고 18일 밝혔다. 가마솥 멀티쿠커는 몸체부터 뚜껑까지 옛날 가마솥 디자인을 그대로 재현한 것이 특징이다. 뚜껑과 함께... ,https://n.news.naver.com/mnews/article/029/0002861659?sid=101,신제품출시
377030,맥스트,www.pinpointnews.co.kr,2024-03-18 14:20:00,라온텍 주가 룰루랄라~...AI 스마트 안경 연내 출시 주목,커머스마이너 맥스트 넷마블 나노캠텍 젬백스링크 이랜텍 세코닉스 디모아 비유테크놀로지 엔씨소프트 엠게임은 대부분 크게 출렁 거리고 있다. 증강현실(AR)은 현실 세계에 가상 정보를 합성하여 보여주는... ,https://www.pinpointnews.co.kr/news/articleView.html?idxno=252691,신제품출시
241520,DSC인베스트먼트,www.sedaily.com,2024-03-17 18:02:00,"[단독] '스킨천사' 크레이버, 1000억대 M&A 매물로 나왔다",FI 투자자 가운데 가장 투자 규모가 컸던 DSC인베스트먼트는 지난해 24.8%의 내부수익률(IRR)을 기록하고 보유 지분을 에이티넘인베스트먼트에 넘긴 바 있다. 크레이버는 현재 스킨1004·이데넬·띰·좀비뷰티... ,https://n.news.naver.com/mnews/article/011/0004314292?sid=101,인수합병
041590,플래스크,www.smarttoday.co.kr,2024-03-18 17:10:00,"플래스크, 가슴 보형물업체 인수 계약 전후 주가 급등락..공시요구",모티바코리아 한국거래소는 18일 플래스크에 대해 최근 현저한 시황변동에 대해 공시할 것을 요구했다. 공시 답변 시한은 19일 오후 6시까지다. 플래스크는 지난 13일 최대주주 비엔엠홀딩스가 보유 주식... ,https://www.smarttoday.co.kr/news/articleView.html?idxno=45876,인수합병
067290,JW신약,www.imaeil.com,2024-03-17 09:31:00,블루오션 노리는 JW신약…고형암 타깃 ‘CAR-NK’ 치료제 개발 집중,"JW신약은 고형암을 타깃으로 하는 'CAR-NK' 치료제 연구에 집중하고 있다. CAR-NK 치료제 시장은 아직 개발 초기 단계에 머물러 있어 블루오션으로 꼽힌다. JW신약은 2030년 글로벌 시장 진출을 목표로, 미국 바이오 벤처... ",https://n.news.naver.com/mnews/article/088/0000867613?sid=101,신약개발
417970,모델솔루션,kr.aving.net,2024-03-18 14:38:00,"에이딘로보틱스, SFAW 2024서 로봇 작업 안전 위한 신제품 공개… ""국내 연구...","커스터마이징 모델을 비롯해, 자체 스마트 그리퍼와 AI 비전 알고리즘을 바탕으로 제작한 물류용 로봇 피킹 솔루션, 힘 토크센서를 바탕으로 용접, 연마, 절삭 등의 동작이 가능하도록 제작된 생산자동화 힘... ",https://kr.aving.net/news/articleView.html?idxno=1788977,신제품출시
016880,웅진,www.newsis.com,2024-03-18 15:24:00,"웅진씽크빅, 신규교육만화 '신비아파트 공부 귀신' 출시","웅진씽크빅이 신규 교육만화 시리즈 '신비아파트 공부 귀신'을 출시했다고 18일 밝혔다. 신비아파트 공부... 웅진씽크빅은 이번에 공개한 '신비아파트 공부 귀신 1. 발명품이 사라졌다!'를 시작으로 경제, 첨단기술, 세계지형... ",https://n.news.naver.com/mnews/article/003/0012433899?sid=101,신제품출시
004540,깨끗한나라,news.mtn.co.kr,2024-03-18 13:36:00,"깨끗한나라, '벚꽃 로맨틱' 3종 출시 기념 기획전",깨끗한나라 벚꽃 로맨틱 에디션/사진제공=깨끗한나라깨끗한나라가 '깨끗한나라 벚꽃 로맨틱' 3종 출시를 기념해 오는 4월 4일까지 전국 이마트에서 벚꽃 기획전을 진행한다고 18일 밝혔다. 이번 기획전은 새 봄을 맞아... ,https://news.mtn.co.kr/news-detail/2024031813301926976,신제품출시
263700,케어랩스,www.newspim.com,2024-03-18 15:32:00,"FSN, 메디프론 인수 통해 헬스케어 플랫폼·IP 콘텐츠·STO 등 뉴테크 신사업...","메디프론은 헬스케어 플랫폼뿐만 아니라 뉴테크 전반에 걸친 사업 역량을 지속 확장해 나갈 예정이며, 여기에도 FSN의 사업 노하우가 큰 도움이 될 것으로 보인다. 이미 FSN은 자회사 핑거랩스를 통해 웹 3.0 사업을... ",https://www.newspim.com/news/view/20240318000877,인수합병
214270,FSN,www.newsis.com,2024-03-18 10:21:00,"FSN, 메디프론 인수…신사업 확장","코스닥 상장사 FSN은 메디프론 인수를 통해 바이오 헬스케어 플랫폼, IP(지식재산권) 콘텐츠, 토큰증권발행(STO) 등을 포함한 뉴테크 신사업을 본격 확장한다고 18일 밝혔다. 회사 측에 따르면 FSN은 지난달 16일 공시를... ",https://n.news.naver.com/mnews/article/003/0012432614?sid=101,인수합병
105740,디케이락,www.hankyung.com,2024-03-18 09:01:00,"디케이락 대표 ""삼성전자서 제품 승인…반도체 기업에 납품 확대”",노은식 디케이락 대표(사진)는 “지난달 삼성전자로부터 피팅·밸브에 대해 제품 승인을 받았다”면서 이같이 말했다. 경남 김해에 본사를 둔 디케이락은 석유·에너지 산업에 필수적으로 들어가는 피팅·밸브 사업에... ,https://n.news.naver.com/mnews/article/015/0004960995?sid=101,파트너쉽
105740,디케이락,www.financialpost.co.kr,2024-03-18 10:08:00,"[특징주] 디케이락, 삼성전자 반도체용 제품승인…글로벌 반도체기업 납품 확...",디케이락의 주가가 주식시장에서 강세를 기록하고 있다. 전세계적으로 AI반도체 시장이 강세인 가운데 디케이락이 삼성전자에서 반도체용 제품을 승인받았다는 소식이 영향을 준 것으로 풀이된다. 18일 반도체업계와... ,https://www.financialpost.co.kr/news/articleView.html?idxno=202292,규제승인
276730,제주맥주,www.kihoilbo.co.kr,2024-03-18 16:34:00,"여수밤바다F&B, GS25에 봄 시즌 한정 '벚꽃엔딩 맥주, 벚꽃주' 출시","수제맥주와 벚꽃주 제품을 출시한다고 18일 밝혔다. 새롭게 선보이는 '벚꽃엔딩 맥주, 벚꽃주'는 2024년 봄... 또한 청정지역 제주에서 지역 특산주로 제조하며 '꽃잎주 및 이의 제조방법'에 대하여 특허출원을 한... ",http://www.kihoilbo.co.kr/news/articleView.html?idxno=1078464,신제품출시
348080,큐라티스,www.news1.kr,2024-03-18 14:28:00,"큐라티스, 55~74세 결핵백신 ‘QTP101’ 1상 승인 획득",큐라티스(348080)가 55~74세를 위한 결핵백신 ‘QTP101’ 개발에 속도를 낸다. 18일 업계에 따르면 큐라티스는 최근 식품의약품안전처로부터 결핵백신 QTP101 임상 1상시험계획을 승인받았다. 이번 임상에서는 55~74세... ,https://n.news.naver.com/mnews/article/421/0007418503?sid=103,규제승인
348080,큐라티스,www.dynews.co.kr,2024-03-18 19:08:00,"㈜큐라티스, 결핵백신 임상 1상 시험계획 승인",㈜큐라티스 조관구 대표가 국내 노인 대상 결핵백신 임상 1상 시험계획에 대해 설명하고 있다. ［동양일보 도복희 기자］성인·청소년 대상 결핵백신 개발 바이오기업 ㈜큐라티스(대표 조관구)는 국내 노인 대상... ,http://www.dynews.co.kr/news/articleView.html?idxno=744307,신약개발
242040,나무기술,www.etnews.com,2024-03-18 09:57:00,"나무기술, GPU 기능 강화 '칵테일 클라우드 4.8' 출시",나무기술이 그래픽처리장치(GPU) 기능을 강화한 '칵테일 클라우드' 4.8 버전을 출시했다. 칵테일 클라우드는 기업 비즈니스 환경에 따라 맞춤화된 클라우드 구축 환경을 지원한다. 멀티 클러스터와 하이브리드 클라우드... ,https://n.news.naver.com/mnews/article/030/0003189809?sid=105,신제품출시
438700,버넥트,www.pinpointnews.co.kr,2024-03-18 14:20:00,라온텍 주가 룰루랄라~...AI 스마트 안경 연내 출시 주목,이날 오후 2시 17분 현재 증강현실 관련주인 드래곤플라이 아이엠 신도기연 텔레칩스 엠게임 라온텍 위지윅스튜디오 버넥트 에스넷 아이오케이 한빛소프트 다날 에이트원 팅크웨어 가온그룹 넥스터 젬백스링크... ,https://www.pinpointnews.co.kr/news/articleView.html?idxno=252691,신제품출시
260660,알리코제약,www.hitnews.co.kr,2024-03-18 06:12:00,"[허가/임상] 비만신약 후보물질 HSG4112, 파킨슨병 2a상 승인","식약처는 대원제약이 개발한 '트라리틴콤비서방정' 2.5/750㎎, 2.5/1000㎎(리나글립틴/메트포르민염산염 콜로이드성이산화규소)과 알리코제약이 개발한 '라니글듀오서방정' 2.5/1000㎎, 5/1000㎎ 등 4개 품목을 지난... ",http://www.hitnews.co.kr/news/articleView.html?idxno=53184,규제승인
303030,지니틱스,www.bloter.net,2024-03-18 09:22:00,"엘에이티, 지니틱스 170억원에 인수 결정",디스플레이 장비 정문 업체인 엘에이티가 코스닥 상장사인 반도체 개발 기업 지니틱스의 주식을 170억원에 양수키로 했다고 18일 공시했다. 사업다각화 등 경영상 목적을 달성하기 위해서다. 소유 주식수는... ,https://n.news.naver.com/mnews/article/293/0000052633?sid=101,인수합병
065650,메디프론,news.mt.co.kr,2024-03-18 11:16:00,"메디프론 인수한 FSN, 뉴테크 신사업 확장한다","코스닥 상장사 FSN은 메디프론 인수를 통해 바이오 헬스케어 플랫폼, 지적재산권(IP) 콘텐츠, 토큰증권발행(STO) 등을 포함한 뉴테크 신사업을 본격 확장한다고 18일 밝혔다. FSN은 지난달 16일 공시를 통해 메디프론을... ",https://n.news.naver.com/mnews/article/008/0005013106?sid=101,인수합병
288980,모아데이타,www.thebell.co.kr,2024-03-18 08:32:00,"[더벨]새 주인 맞은 비엘, 신약보다 '건기식·헬스케어' 선회?",비엘이 ICT 기업 모아데이타를 새로운 최대주주로 맞이한 가운데 향후 전략에 관심이 몰린다. 신약 사업보다 건기식 유통 등 컨슈머 사업부 확장에 더욱 힘이 실릴 것으로 전망된다. 모아데이타가 구축한 디지털... ,https://www.thebell.co.kr/free/content/ArticleView.asp?key=202403151337419960101938,인수합병
039830,오로라,www.businesspost.co.kr,2024-03-18 18:16:00,"르노코리아 부산공장에 3년간 1180억 설비투자, 올 하반기 오로라 출시","스테판 드블레즈 르노코리아 대표이사 사장은 ""르노코리아는 첨단 하이브리드 모델로 준비 중인 오로라1·2 프로젝트에 7천억 원을 투자할 것""이라며 ""오로라1, 2 프로젝트 이후 차세대 전기차 모델의 개발∙생산까지... ",https://www.businesspost.co.kr/BP?command=article_view&num=345994,신제품출시
336060,웨이버스,www.news1.kr,2024-03-17 10:01:00,"롯데호텔앤리조트, 도야마 직항편 여행 패키지 상품 출시","전체 약 90㎞에 달하는 다테야마 알펜루트를 케이블카, 고원버스, 로프웨이 등 다양한 교통수단을 이용해 횡단하면서 시시각각 변화하는 대자연의 풍경을 직접 확인할 수 있다. 연중 오직 두 달간만 볼 수 있는 최고 18m... ",https://n.news.naver.com/mnews/article/421/0007415938?sid=101,신제품출시
294140,레몬,www.beyondpost.co.kr,2024-03-18 09:36:00,"일화, 부르르 제로콜라 레몬·화이바 플러스 2종 출시",식음료 건강기업 일화가 제로칼로리 탄산음료 ‘부르르 제로콜라 레몬’과 ‘부르르 제로콜라 화이바 플러스’를 새롭게 출시하며 브랜드 라인업을 확장했다고 18일 밝혔다. ‘부르르 제로콜라 레몬’은 청량한 탄산에... ,http://www.beyondpost.co.kr/view.php?ud=20240318093419725846a9e4dd7f_30,신제품출시
007680,대원,news.mt.co.kr,2024-03-17 14:13:00,"'감기약 강자' 대원제약, 비만신약 개발 본격화에 성장 기대감↑",감기약 실적 호조에 사상 첫 매출액 5000억원 고지를 넘어선 대원제약이 비만신약 개발 본격화를 통한 추가 성장동력 마련에 박차를 가한다. 대원제약은 주력 제품군인 감기약 성장세 지속과 화장품 사업 인수합병으로... ,https://n.news.naver.com/mnews/article/008/0005012814?sid=101,신약개발
066130,하츠,www.ekn.kr,2024-03-18 16:30:00,"하츠, 신제품 ‘부띠크 시리즈 라인’ 출시","국내 주방 후드기업 하츠가 하츠 부띠크 라인(BOUTIQUE Line)으로 2023년 후드 라인 아르떼, 로망스, 글라쎄 출시한 후 2024년 부띠크 인덕션과 부띠크 콘센트까지 연이어 출시했다.하츠 부띠크 시리즈의 경우, 소비자 편의에... ",https://www.ekn.kr/web/view.php?key=20240318001628359,신제품출시
023350,한국종합기술,www.etoday.co.kr,2024-03-17 18:02:00,"[종합] 금호타이어, 전기차용 브랜드 ‘이노뷔’ 출시…업계 지각변동 노린다",혁신적 기술력을 적용한 전기차 전용 프리미엄 브랜드라는 의미를 담았다. 앞서 금호타이어는 2022년 발간한... 경쟁사인 한국타이어의 ‘아이온(iON)’과 비슷한 수준이다. 판매 채널은 금호타이어의 판매 대리점인... ,https://www.etoday.co.kr/news/view/2340984,신제품출시
204020,그리티,digitalchosun.dizzo.com,2024-03-18 14:08:00,"호텔가, 봄기운 야외에서 제대로 느낄 수 있도록 행사 및 패키지 상품 출시","버스킹 라인업으로는 그룹 ‘스윗소로우’를 필두로 재즈 팝 색소포니스트 ‘멜로우키친’, 정통 뉴올리언스 재즈 밴드 ‘집사(Zip4)’, 그 밖에도 ‘헤나 밴드(Hena Band)’, ‘그리티 키티(Gritty Kitty)’, ‘Super Joy Club’... ",http://digitalchosun.dizzo.com/site/data/html_dir/2024/03/18/2024031880131.html,신제품출시
199730,바이오인프라,www.healthinnews.co.kr,2024-03-18 16:16:00,"합성생물학 강자 '깅코 바이오웍스', 3개 스타트업 인수하고 기술역량 강화","깅고는 이곳의 모델, 소프트웨어 및 워크플로를 통합하여 인공지능/머신러닝 기반 실험설계를 위한 인프라를 발전시킬 계획이라고 밝혔다. 한편, 해당 3개 기업에 대한 인수가 발표되던 날 깅코 바이오웍... ",https://www.healthinnews.co.kr/news/articleView.html?idxno=45330,인수합병
199730,바이오인프라,www.yakup.com,2024-03-18 08:18:00,"깅코 바이오웍스, 유전자의약품 개발 기업 등 3개 스타트업 인수 추진",세계적 합성생물학 기업인 미국 깅코 바이오웍스(Ginkgo Bioworks)가 유전자 기반 진단기업 등을 포함해... 위한 인프라를 발전시킬 계획이다. 이번 인수는 깅코 데이터에 Reverie사 모델을 활용해 인공지능 기반... ,http://www.yakup.com/news/index.html?mode=view&cat=12&nid=291804,신약개발
406820,뷰티스킨,www.newscj.com,2024-03-18 09:16:00,[#뷰티·패션 신상이오] 라네즈 '바운시 앤 펌 슬리핑 마스크' 출시 外 AGE20...,18일 뷰티·패션 신제품 소식을 전한다. ◆라네즈 '바운시 앤 펌 슬리핑 마스크' 출시 라네즈가 '바운시 앤... 또한 고체 제형 안에 수분 에센스가 담긴 AGE20'S의 독자 기술인 '에센스 포켓 기술이 적용돼 스킨케어한 듯... ,https://www.newscj.com/news/articleView.html?idxno=3119275,신제품출시
406820,뷰티스킨,www.sedaily.com,2024-03-17 18:02:00,"[단독] '스킨천사' 크레이버, 1000억대 M&A 매물로 나왔다",크레이버는 현재 스킨1004·이데넬·띰·좀비뷰티·커먼랩스 등 5개의 피부·색조 화장품 브랜드를 보유한 기업이다. 각 브랜드들 통해 미국과 중국·일본·동남아 등 전세계 90여 개 국가에 제품을 수출하고 있다.... ,https://n.news.naver.com/mnews/article/011/0004314292?sid=101,인수합병
328380,솔트웨어,www.etnews.com,2024-03-18 09:02:00,"솔트웨어, '핏클라우드 쿠버네티스 센터' 서비스 출시",솔트웨어는 '핏클라우드 쿠버네티스 센터(FitCloud Kubernetes Center)서비스'를 출시했다고 15일 밝혔다.... 쿠버네티스 서비스 인증 기업(KCSP) 자격을 획득한 솔트웨어 데브옵스(DevOps) 전문가 그룹이 고객사... ,https://n.news.naver.com/mnews/article/030/0003189761?sid=105,신제품출시
003680,한성기업,www.asiaa.co.kr,2024-03-18 09:52:00,"한성기업, 신제품 '명란톡톡 떡갈비' 출시",한성기업은 고급 명란과 떡갈비를 조합한 '명란톡톡 떡갈비'를 출시했다고 18일 밝혔다. 해당 상품은 한성기업 육가공 연구소에서 전문 연구원들이 개발부터 제조까지 추진했다. 연구소 노하우를 담아 돼지고기를... ,http://www.asiaa.co.kr/news/articleView.html?idxno=163464,신제품출시
084670,동양고속,www.yna.co.kr,2024-03-18 08:31:00,"현대이지웰, 복지포인트 활용 고속버스 승차권 예매 서비스 출시","신규 서비스는 현대이지웰 고객사 임직원이 복지포인트를 사용해 금호익스프레스, 동부고속, 동양고속 등 11개 운수사의 고속버스 승차권을 복지몰에서 실시간으로 예매할 수 있는 것이 특징이다. 기존 승차권 예매... ",https://n.news.naver.com/mnews/article/001/0014569378?sid=101,신제품출시
038340,MIT,www.dailyimpact.co.kr,2024-03-18 10:42:00,"""최악vs스마트폰 대체"" 극과 극 'Ai핀' SKT가 출시한다는데...",세계적인 IT 매거진인 MIT 테크놀로지 리뷰가 '실패로 끝난 2023년 최악의 기술'로 선정했던 휴메인(Humane)의... 특히 MIT 테크놀로지 리뷰는 타이타닉호 잔해 탐사를 위해 5명을 태우고 출항했다가 실종된 타이탄... ,http://www.dailyimpact.co.kr/news/articleView.html?idxno=113148,신제품출시
032280,삼일,www.sisaweek.com,2024-03-18 18:20:00,"플라이강원, 인수검토 기업은 꾸준… 계약체결은 지지부진, 왜?",플라이강원 매각주간사인 삼일회계법인(삼일PwC)에서도 최근 해당 2개 기업 측에 플라이강원 매각 관련 내용이 담긴 티저 레터(매물소개 및 투자안내서)를 전달한 것으로 전해진다. 앞서 지난해 플라이강원이 시장에... ,https://www.sisaweek.com/news/articleView.html?idxno=212849,인수합병
225590,패션플랫폼,www.yna.co.kr,2024-03-18 11:26:00,"명품 플랫폼 젠테, 패션브랜드 '블라인드리즌' 인수",명품 플랫폼 '젠테'(jente)는 국내 패션 브랜드 '블라인드리즌'을 인수했다고 18일 밝혔다. 2014년 패션 쥬얼리 브랜드로 출범한 블라인드리즌은 이후 가죽의류 라인으로 제품군을 확장해왔다. 에르메스 등 세계적인 브랜드에... ,https://n.news.naver.com/mnews/article/001/0014570191?sid=103,인수합병
159910,스킨앤스킨,www.newscj.com,2024-03-18 09:16:00,[#뷰티·패션 신상이오] 라네즈 '바운시 앤 펌 슬리핑 마스크' 출시 外 AGE20...,◆라네즈 '바운시 앤 펌 슬리핑 마스크' 출시 라네즈가 '바운시 앤 펌 슬리핑 마스크(Bouncy & Firm Sleeping Mask)... 또한 고체 제형 안에 수분 에센스가 담긴 AGE20'S의 독자 기술인 '에센스 포켓 기술이 적용돼 스킨케어한 듯... ,https://www.newscj.com/news/articleView.html?idxno=3119275,신제품출시
001210,금호전기,www.news1.kr,2024-03-17 18:30:00,'아이온' 기다려라…금호타이어 전기차 전용 브랜드 '이노뷔' 출시,"갈수록 확대되는 전기차 타이어 시장 공략을 위한 야심작이다. 정일택 금호타이어 사장은 경기 화성에서 열린 이노뷔 출시 기자간담회에서 ""이노뷔는 HLC(High Load Capacity)라는 고하중 특화 설계 기술과 폼타이어... ",https://n.news.naver.com/mnews/article/421/0007416815?sid=103,신제품출시
005110,한창,www.newsis.com,2024-03-18 17:16:00,"단맛 나는 제주산 조생양파, 가격 호조세로 첫 출하","이는 코로나19가 한창이던 2022년 평균 가격인 419원에 비해 크게 상승하고, 가격이 좋았던 지난해 1608원보다 안정된 경락가이다. 올해산 제주 조생양파 재배면적은 647㏊이다. 평년 대비 16.2% 증가했다. 생산량은 지난해... ",https://n.news.naver.com/mnews/article/003/0012434331?sid=102,신제품출시
