﻿종목코드,종목명,언론사URL,작성일자,제목,기사부분,네이버링크,카테고리
005930,삼성전자,www.etnews.com,2024-03-14 11:02:00,삼성전자 '2024년형 비스포크 냉장고' 출시,"삼성전자가 인공지능(AI) 기술로 에너지 절감을 강화한 ' 2024년형 비스포크 냉장고' 를 출시했다. 삼성전자는 2024년형 비스포크 냉장고 전 모델에 '차세대 디지털 컴프레서'와 'AI 절약 모드'를 적용, 소비전력을... ",https://n.news.naver.com/mnews/article/030/0003189064?sid=105,신제품출시
000270,기아,view.asiae.co.kr,2024-03-14 16:50:00,"현대캐피탈, 기아 전기차 특화 ‘E-라이프 솔루션’ 출시",현대캐피탈이 현대자동차에 이어 기아 전기차 구매자를 위한 36개월 리스(임대) 상품 ‘E-라이프 솔루션’을 선보인다고 14일 밝혔다. E-라이프 솔루션은 레이EV·니로EV·EV6·EV9 등 기아의 주요 전기차 차종을 임대로... ,https://n.news.naver.com/mnews/article/277/0005392293?sid=101,신제품출시
035420,NAVER,kpenews.com,2024-03-14 14:40:00,"삼성전자, 비스포크 냉장고 신제품 내놔.. AI로 에너지 절감 강화",한국정경신문 이정화 기­자 joyfully3355@naver.com [한국정경신문=이정화 기자] 삼성전자가 인공지능(AI) 기술로 에너지 절감을 강화한 비스포크 냉장고 신제품을 선보인다.삼성전자는 2024년형 비스포크 냉장고가 전 모델에... ,http://kpenews.com/View.aspx?No=3160678,신제품출시
086790,하나금융지주,view.asiae.co.kr,2024-03-14 09:23:00,인터넷은행 ‘혁신’에 유사상품 출시하는 시중銀[1mm금융톡],"하나금융지주가 트래블로그 카드를 2022년 처음 출시해 인기를 끌자 토스뱅크는 올해 외화통장 서비스를 출시했다. 환전 수수료 평생 무료로, 국내 금융사 최초로 17개국 통화를 24시간 내내 환전할 수 있다는 점을... ",https://n.news.naver.com/mnews/article/277/0005391965?sid=101,신제품출시
086790,하나금융지주,news.einfomax.co.kr,2024-03-14 08:38:00,"블랙록 만난 하나금융…""M&A 보단 주주가치 제고에 방점""","하나금융지주가 글로벌 투자자들을 만나 주주가치 제고에 더욱 박차를 가하겠다는 입장을 표명한 것으로 알려졌다. 보험사 등 비은행 부문의 포트폴리오를 확충할 니즈가 있지만, 상당한 자금이 투입돼야 하는 인수... ",https://news.einfomax.co.kr/news/articleView.html?idxno=4301852,파트너쉽
028300,HLB,www.smedaily.co.kr,2024-03-14 11:36:00,신약허가 될까…요동치는 HLB 주가,HLB R&D 파이프라인. 사진/HLB 국산 항암제 중 최초로 FDA 신약 허가를 목표로 하는 '리보세라닙'이 승인 기한까지 약 두 달을 남겨두고 있다. 올해에만 관련된 루머가 두 번이나 돌며 HLB 주가가 요동친 가운데 HLB 측은... ,http://www.smedaily.co.kr/news/articleView.html?idxno=284340,신약개발
096770,SK이노베이션,biz.chosun.com,2024-03-14 17:30:00,"IMM크레딧, SK엔무브 인수금융 5000억 리파이낸싱 마무리 임박","SK엔무브는 SK이노베이션이 지분 60%를 보유한 자회사로, 윤활유 사업을 총괄하고 있다. ICS는 2021년 4월 특수목적회사(SPC) 에코솔루션홀딩스를 세워 SK엔무브 잔여 지분 40%를 1조1195억원에 사들였다. 당시... ",https://n.news.naver.com/mnews/article/366/0000977949?sid=101,인수합병
259960,크래프톤,zdnet.co.kr,2024-03-14 11:24:00,"크래프톤, 배틀그라운드 출시 7주년 기념 업데이트 진행","크래프톤(대표 김창한)은 14일 PUBG: 배틀그라운드(PUBG: BATTLEGROUNDS, 이하 배틀그라운드)의 출시 7주년을 기념하는 업데이트를 진행했다고 밝혔다. 배틀그라운드는 2017년 스팀 얼리 액세스로 출시되어 스팀 역대 최대 동시... ",https://n.news.naver.com/mnews/article/092/0002324491?sid=105,신제품출시
259960,크래프톤,economist.co.kr,2024-03-14 15:12:00,"크래프톤, 인도 구자라트 주 정부와 전략적 파트너십 체결",크래프톤은 인도 구자라트 주 정부와 e스포츠 및 게임 생태계 강화를 위한 양해각서(MOU)를 체결했다고... 가속화하려는 크래프톤의 목표와 부합한다. 크래프톤 손현일 인도 법인 대표는 “구자라트 주는 작년 12월... ,https://n.news.naver.com/mnews/article/243/0000057331?sid=105,파트너쉽
010130,고려아연,www.womaneconomy.co.kr,2024-03-14 18:06:00,[주총대전] 카카오의 SM 인수 실탄 댄 사모펀드 뒤 최윤범 고려아연 회장의 그...,또 자기주식 매각으로 우호 지분을 늘릴 수도 있는데 그런 방식으로 1%대 주주가 이사회를 장악한 대표적인 기업이 영풍그룹의 계열사 고려아연이다. 재계를 뒤흔든 카카오의 SM엔터테인먼트 주가 조작 사건도 별개... ,https://www.womaneconomy.co.kr/news/articleView.html?idxno=221872,인수합병
090430,아모레퍼시픽,www.dailian.co.kr,2024-03-14 16:56:00,"아모레퍼시픽 마몽드, '플로라 글로우 로즈 리퀴드 마스크' 출시","아모레퍼시픽의 마몽드는 신제품 ‘플로라 글로우 로즈 리퀴드 마스크’를 출시했다고 14일 밝혔다. 플로라 글로우 로즈 리퀴드 마스크는 스킨케어 첫 단계에 사용하는 마스크 제품으로, 일명 '4세대 아이돌 화잘먹... ",https://n.news.naver.com/mnews/article/119/0002809429?sid=101,신제품출시
000100,유한양행,www.womaneconomy.co.kr,2024-03-14 15:34:00,"유한양행, 속쓰림 해결하는 '윌로겔 더블액션' 대용량 출시","유한양행이 위산역류, 속쓰림, 위 내용물의 역류로 인한 소화불량을 빠르게 개선하는 일반의약품 '윌로겔 더블액션 현탁액' 12포를 출시한다고 14일 밝혔다. 유한양행에 따르면 윌로겔 더블액션 현탁액은 알긴산나트륨... ",https://www.womaneconomy.co.kr/news/articleView.html?idxno=221869,신제품출시
051900,LG생활건강,www.dailian.co.kr,2024-03-14 16:32:00,"LG생활건강, '비욘드 땡스에디션' 5종 출시",LG생활건강은 스킨 릴리프 뷰티 브랜드 비욘드에서 비동물성 원료를 사용하고 한국비건인증원에서 비건 인증을 획득한 ‘땡스에디션(Thanks Edition)’ 5종을 출시했다고 14일 밝혔다. 동물을 사랑하고 지구를 지켜나가는... ,https://n.news.naver.com/mnews/article/119/0002809422?sid=101,신제품출시
005940,NH투자증권,biz.chosun.com,2024-03-14 07:55:00,"NH증권 “위메이드, 신작 출시로 실적 성장 기대...목표가 상향”","NH투자증권은 위메이드에 대해 14일 올해 새로운 게임 출시가 예정돼 실적 성장이 기대된다고 분석했다. 투자의견 ‘매수’, 목표주가는 8만5000원을 제시했다. 안재민 연구원은 “블록체인 버전으로 출시한... ",https://n.news.naver.com/mnews/article/366/0000977657?sid=101,신제품출시
036460,한국가스공사,www.yna.co.kr,2024-03-14 15:31:00,"프로농구 한국가스공사, 대구 시티에디션 유니폼 출시",프로농구 대구 한국가스공사가 시티에디션 유니폼을 출시한다고 14일 밝혔다. 사진은 대구 한국가스공사의 시티에디션 유니폼. 2024.3.14 [한국가스공사 프로농구단 제공. 재판매 및 DB 금지],https://sports.news.naver.com/news.nhn?oid=001&aid=0014563759,신제품출시
004370,농심,www.fnnews.com,2024-03-14 16:32:00,"농심, 해외사업이 끌고 신제품이 밀고 사상최대 실적.. 작년 매출 3조4106억원","농심은 2023년 연결기준 매출액 3조 4106억원, 영업이익 2121억을 기록했다고 14일 공시했다. 전년 대비 매출액은 9.0%, 영업이익은 89.1% 증가한 수치다. 영업이익률은 6.2%를 기록했다. 농심은 세계적인 K-푸드 열풍을 타고... ",https://n.news.naver.com/mnews/article/014/0005156334?sid=101,인수합병
004370,농심,www.sedaily.com,2024-03-14 16:14:00,"""해외선 신라면, 국내선 신제품""…지난해 농심 사상 최대 실적",농심(004370)이 지난해 매출액과 영업이익 모두 사상 최대 실적을 거뒀다. 신라면을 중심으로 한 해외에서의 ‘K푸드’ 열풍과 국내 신제품 출시가 바탕이 된 결과다. 농심은 지난해 연결기준 3조 4106억원의 매출을... ,https://n.news.naver.com/mnews/article/011/0004313219?sid=101,신제품출시
112040,위메이드,www.news1.kr,2024-03-14 18:29:00,장현국 위메이드 대표 사임…위믹스 가격 18% 급락,위메이드에서 블록체인 사업을 이끌어온 장현국 위메이드 대표가 사임했다. 14일 위메이드는 박관호 의장 겸 창립자를 새 대표이사로 선임한다고 공시했다. 기존 장현국 대표는 사임한다. 그간 블록체인 사업을... ,https://n.news.naver.com/mnews/article/421/0007412439?sid=101,인수합병
067630,HLB생명과학,www.thebigdata.co.kr,2024-03-15 05:22:00,"HLB생명과학, 주가 급등…간암신약 美 FDA 승인 기대 '증폭'",HLB생명과학 주가가 시간외 매매에서 급등했다. 15일 한국거래소에 따르면 전일 시간외 매매에서 HLB생명과학 주가는 종가보다 2.28% 오른 1만9730원에 거래를 마쳤다. HLB생명과학의 시간외 거래량은 11만2976주이다.... ,http://www.thebigdata.co.kr/view.php?ud=202403150520264922cd1e7f0bdf_23,신약개발
328130,루닛,www.smedaily.co.kr,2024-03-14 11:32:00,"루닛 ""뉴질랜드 법원, 볼파라 인수 1차 승인""",사진/루닛 의료 인공지능(AI) 기업 루닛은 뉴질랜드 고등법원으로부터 '볼파라 헬스 테크놀로지' 인수 계획안에 대해 1차 승인을 획득했다고 14일 밝혔다. 뉴질랜드 법원의 승인 절차는 두 차례에 걸쳐 진행된다. 이번... ,http://www.smedaily.co.kr/news/articleView.html?idxno=284388,규제승인
007310,오뚜기,www.lkp.news,2024-03-14 13:14:00,"오뚜기, 국내 최초 과육의 원형을 살린 '프리저브 딸기쨈' 출시",사진=오뚜기 새콤달콤한 딸기가 제철을 맞았다. 풍부한 과즙과 높은 당도를 자랑하는 딸기는 그냥 먹어도... 1985년 국내 최초로 과육의 원형을 살린 프리저브 딸기쨈을 출시한 ㈜오뚜기는 신선한 국산 딸기를 사용한... ,http://www.lkp.news/news/articleView.html?idxno=45301,신제품출시
000080,하이트진로,daily.hankooki.com,2024-03-14 17:34:00,"[단독] 하이트진로, 도수 15.5도로 낮춘 진로골드 신제품 출시",진로25 사진=하이트진로 홈페이지 하이트진로가 저도화 행보를 이어간다. 소주 '참이슬 후레쉬'의 도수를 16도로 낮춘데 이어 소주 '진로골드'(진로25)의 도수를 15.5도로 낮춘 신제품을 선보인다. 14일 업계에 따르면... ,https://daily.hankooki.com/news/articleView.html?idxno=1062330,신제품출시
005300,롯데칠성,www.newsis.com,2024-03-14 08:54:00,"""칠성사이다 제로를 매실향으로"" 롯데칠성음료, 신제품 출시",롯데칠성음료가 칠성사이다 제로에 매실 향을 담은 '칠성사이다 제로 그린플럼'을 출시한다고 14일 밝혔다. 칠성사이다 제로 그린플럼은 매실 향을 더했고 제로 칼로리로 부담 없이 가볍게 즐길 수 있다. 패키지는 매실의... ,https://n.news.naver.com/mnews/article/003/0012425446?sid=101,신제품출시
280360,롯데웰푸드,www.whitepaper.co.kr,2024-03-14 09:34:00,"롯데웰푸드, '파스퇴르 본가 찰옥수수 가공유' 출시","화이트페이퍼, WHITEPAPER파스퇴르 본가 찰옥수수 제품 이미지(사진=롯데웰푸드) 롯데웰푸드는 담백하면서도 달달한 옥수수 풍미를 담은 '파스퇴르 본가 찰옥수수' 가공유를 출시했다고 14일 밝혔다. 파스퇴르는 가공유... ",http://www.whitepaper.co.kr/news/articleView.html?idxno=232612,신제품출시
047920,HLB제약,www.thebigdata.co.kr,2024-03-14 05:26:00,"HLB제약, 주가 급등…""간암신약 FDA 승인 확신한다""",HLB제약 주가가 시간외 매매에서 급등했다. 14일 한국거래소에 따르면 전일 시간외 매매에서 HLB제약 주가는 종가보다 2.12% 오른 2만8950원에 거래를 마쳤다. HLB제약의 시간외 거래량은 4만7152주이다. 간암 신약... ,http://www.thebigdata.co.kr/view.php?ud=2024031405241520cd1e7f0bdf_23,신약개발
003540,대신증권,www.yna.co.kr,2024-03-14 08:20:00,"대신증권 ""컴투스 신작 출시 2주 전…트레이딩 전략 권고""","대신증권은 신작 출시를 앞둔 컴투스에 대해 14일 ""출시 전 매도하는 트레이딩 전략을 권고한다""고 밝혔다. 컴투스는 오는 28일 올해 첫 신작인 스타시드 아스니아 트리거를 출시할 예정이다. 이지은 연구원은 ""신작 출시를... ",https://n.news.naver.com/mnews/article/001/0014561888?sid=101,신제품출시
003850,보령,www.sedaily.com,2024-03-14 17:46:00,"보령, 홍콩법인 해산 후 중국법인 인수…'겔포스' 직판 본격",보령이 홍콩법인을 해산하고 중국법인을 인수했다. 7년 전 중국 진출을 위해 홍콩법인으로 출자했다가... 14일 사업보고서 등에 따르면 보령은 홍콩법인의 종속회사였던 북경보령의약과기유한공사를 100% 인수했다.... ,https://n.news.naver.com/mnews/article/011/0004313279?sid=103,인수합병
020560,아시아나항공,news.heraldcorp.com,2024-03-14 18:19:00,[단독] 아시아나 화물 인수에 스카이레이크·파빌리온PE 도전장,아시아나항공 화물사업부 인수를 추진 중인 저비용항공사(LCC) 에어프레미아가 재무적투자자(FI)를 확보했다. 자금력을 보강하기 위해 복수의 파트너를 초청한 것으로 풀이된다. 14일 투자은행(IB)업계에 따르면... ,https://n.news.naver.com/mnews/article/016/0002280625?sid=101,인수합병
115450,HLB테라퓨틱스,www.thebigdata.co.kr,2024-03-14 04:28:00,"HLB테라퓨틱스, 주가 급등…""리보세라닙 FDA 신약승인 확신""",HLB테라퓨틱스 주가가 시간외 매매에서 급등했다. 14일 한국거래소에 따르면 전일 시간외 매매에서 HLB테라퓨틱스 주가는 종가보다 4.22% 오른 1만130원에 거래를 마쳤다. HLB테라퓨틱스의 시간외 거래량은... ,http://www.thebigdata.co.kr/view.php?ud=202403140427224930cd1e7f0bdf_23,신약개발
403550,쏘카,www.digitaltoday.co.kr,2024-03-14 06:44:00,"쏘카, B2B 시장 공략 확대...법인 차량 관리 솔루션 출시",쏘카FMS로 법인 차량 운행을 관리할 수 있다. [사진: 쏘카] 쏘카가 B2B 카셰어링 솔루션 사업에 진출한다. 국내 344만대 법인 차량 규모의 기업형 모빌리티 시장을 선점하겠다는 목표다. 쏘카가 차량 관제·관리 시스템... ,https://www.digitaltoday.co.kr/news/articleView.html?idxno=509416,신제품출시
136510,스마트솔루션즈,www.venturesquare.net,2024-03-14 11:00:00,"펀블·SGA솔루션즈, 올인원 STO 플랫폼 ‘스플릿’ 출시","더불어 ▲SGA솔루션즈의 블록체인 솔루션 ‘RootChain(루트체인)’을 적용한 글로벌 RWA 플랫폼 출시 ▲ 블록체인 기반 플랫폼의 인증 및 보안 고도화를 통한 스마트 컨트랙트 범용성 고도화 ▲ 클라우드, AI 등 차세대... ",https://www.venturesquare.net/917134,신제품출시
194480,데브시스터즈,www.greened.kr,2024-03-14 17:39:00,데브시스터즈 '쿠키런: 마녀의 성' 출시 목전… '쿠킹덤' 기세 잇는 '외전작'...,[이미지=데브시스터즈] 데브시스터즈의 신작 '쿠키런' IP 게임인 '쿠키런: 마녀의 성'의 출시가 하루 앞으로 다가왔다. 데브시스터즈가 다양한 차별점을 내세우고 있는 해당 게임을 통해 IP의 지평을 한 단계 넓힐 수 있을... ,https://www.greened.kr/news/articleView.html?idxno=312241,신제품출시
335890,비올,www.thebigdata.co.kr,2024-03-15 03:58:00,"비올, 주가 급등…ITC 합의에 '실펌X' 中 승인 임박",비올 주가가 시간외 매매에서 급등했다. 15일 한국거래소에 따르면 전일 시간외 매매에서 비올 주가는 종가보다 10% 상승한 1만340원에 거래를 마쳤다. 비올의 시간외 거래량은 128만1695주이다. 비올은... ,http://www.thebigdata.co.kr/view.php?ud=202403150355449500cd1e7f0bdf_23,파트너쉽
950210,프레스티지바이오파마,www.news1.kr,2024-03-14 15:37:00,"프레스티지바이오파마IDC, 세네릭스와 혁신 항체신약 공동 연구개발","프레스티지바이오파마IDC(Innovative Discovery Center, 이하 IDC)는 13일 국내 바이오기업 세네릭스와 혁신 항체신약 공동 연구개발을 시작하는 협약식을 체결했다고 14일 밝혔다. 이번 협약식은 고상석 IDC 대표와 김봉철... ",https://n.news.naver.com/mnews/article/421/0007411874?sid=103,신약개발
078340,컴투스,www.yna.co.kr,2024-03-14 08:20:00,"대신증권 ""컴투스 신작 출시 2주 전…트레이딩 전략 권고""","대신증권은 신작 출시를 앞둔 컴투스에 대해 14일 ""출시 전 매도하는 트레이딩 전략을 권고한다""고 밝혔다. 컴투스는 오는 28일 올해 첫 신작인 스타시드 아스니아 트리거를 출시할 예정이다. 이지은 연구원은 ""신작 출시를... ",https://n.news.naver.com/mnews/article/001/0014561888?sid=101,신제품출시
005180,빙그레,news.tf.co.kr,2024-03-14 15:43:00,"빙그레, '면역워터 제로' 출시…면역력 키우는 아연 담았다","당류 0g, 착색·보존료 무첨가 특징 빙그레는 면역력 향상 건강기능식품 '면역워터 제로'를 출시했다고 14일 밝혔다. 빙그레에 따르면 '면역워터 제로'는 정상적 면역기능에 도움을 주는 아연을 일상에서 간편하게 마실 수... ",https://n.news.naver.com/mnews/article/629/0000273617?sid=101,신제품출시
042000,카페24,www.enewstoday.co.kr,2024-03-14 16:01:00,"카페 만월경, 화이트데이 시즌 '슈크림' 신메뉴 4종 출시",카페 프랜차이즈 만월경이 화이트데이 시즌을 맞아 달콤한 '슈크림'을 활용한 신메뉴 4종을 출시한다고 14일... 만월경은 신메뉴 출시를 기념해 오는 18일부터 24일까지 공식 인스타그램 계정에서 이벤트를 진행한다. 이벤트... ,http://www.enewstoday.co.kr/news/articleView.html?idxno=2101951,신제품출시
095660,네오위즈,www.tgdaily.co.kr,2024-03-14 17:20:00,네오위즈 '디제이맥스 리스펙트V' DLC 출시,"네오위즈(대표 김승철, 배태근)는 14일 리듬게임 '디제이맥스 리스펙트V' 컬래버 DLC를 스팀에 출시했다고 밝혔다. 발매된 DLC에는 니혼팔콤이 서비스 중인 '이스' 시리즈와 '궤적' 시리즈에 활용된 총 10곡이... ",https://www.tgdaily.co.kr/news/articleView.html?idxno=331428,신제품출시
005610,SPC삼립,www.newsis.com,2024-03-14 09:26:00,SPC삼립 '고단백 닭가슴살바 마라맛' 출시,SPC삼립이 '고단백 닭가슴살바 마라맛'을 출시했다고 14일 밝혔다. 신제품 고단백 닭가슴살바 마라맛은 국내산 냉장 닭가슴살을 8시간 저온숙성해 촉촉하고 부드럽다. 달걀 1알의 단백질을 함유하고 있다. 기존에... ,https://n.news.naver.com/mnews/article/003/0012425543?sid=101,신제품출시
093050,LF,news.tf.co.kr,2024-03-14 14:23:00,"LF '닥스골프', 130주년 컬렉션 출시 기념 행사","매장서 130만원 이상 구매 고객, 선착순 와인 증정 LF는 골프웨어 브랜드 '닥스골프(DAKS GOLF)' 130주년 캡슐 컬렉션이 인기를 끌어 출시 기념 증정품 행사를 진행한다고 14일 밝혔다. LF에 따르면 닥스골프 130주년 캡슐... ",https://n.news.naver.com/mnews/article/629/0000273585?sid=101,신제품출시
004690,삼천리,www.newsis.com,2024-03-14 14:50:00,전기·MTB·로드·키즈…삼천리자전거 신제품 라인업 공개,삼천리자전거가 전기자전거 대중화 및 스포츠 사이클링 입문 라인업 강화에 초점을 맞춘 2024년 신제품 라인업을 14일 공개했다. 올해 삼천리자전거는 차세대 친환경 이동수단으로 각광받는 전기자전거 20종을 비롯해 MTB... ,https://n.news.naver.com/mnews/article/003/0012426890?sid=101,신제품출시
027360,아주IB투자,www.asiatime.co.kr,2024-03-14 15:50:00,"토스증권 ""WTS·미국 회사채·파생상품 등 신규 서비스 출시...IB 안 한다""","1분기도 아주 의미 있는 좋은 실적을 예상하고 내실을 다지고 있다""고 강조했다. 한편, 토스증권의 '주식 고수' 기능이 특정 종목 매수를 추전하며 불법 유사투자자문을 부추긴다는 논란에 대해 김규빈 토스증권... ",https://www.asiatime.co.kr/article/20240314500278,신제품출시
003580,HLB글로벌,www.smedaily.co.kr,2024-03-14 11:36:00,신약허가 될까…요동치는 HLB 주가,HLB에 따르면 리보세라닙 병용요법은 글로벌 임상 3상에서 환자의 간기능 정도(ALBI 1·2등급)에 무관하게 전체생존기간(mOS)과 무진행생존기간(mPFS)에서 일관된 치료효과를 입증했다. 이는 현재 표준치료제인 로슈의... ,http://www.smedaily.co.kr/news/articleView.html?idxno=284340,신약개발
058820,CMG제약,www.wowtv.co.kr,2024-03-14 09:58:00,"CMG제약 '차앤맘', '데일리 핏 비오틴&콜라겐 구미' 출시",CMG제약은 자사의 가족 피부건강 솔루션 '차앤맘(CHA&MOM)'이 이너뷰티 제품인 '데일리 핏 비오틴&콜라겐 구미' 신제품을 출시했다고 14일 밝혔다. '데일리 핏 비오틴&콜라겐 구미'는 차바이오그룹 전문가의 맞춤... ,https://n.news.naver.com/mnews/article/215/0001152813?sid=101,신제품출시
084110,휴온스글로벌,news.mt.co.kr,2024-03-14 15:50:00,"휴온스, 건기식 '전립선 사군자 프리미엄' 리뉴얼 출시","휴온스는 전립선 건강 개별인정형원료인 사군자추출분말을 함유한 '전립선 사군자' 출시 2년차를 맞아... 전립선 사군자 프리미엄은 제품 출시 반년 만에 글로벌파워 브랜드 대상과 IR52장영실상, 노벨사이언스... ",https://n.news.naver.com/mnews/article/008/0005011937?sid=101,신제품출시
005500,삼진제약,www.dailymedi.com,2024-03-14 13:08:00,"삼진제약, 알레르기 치료제 '알러진정' 출시","﻿﻿﻿ 삼진제약(대표 최용주)은 환절기를 맞아 졸음, 진정작용, 입 마름 등의 대표적 부작용을 크게 줄인 효과 빠른 알레르기 치료제, 일반의약품 '알러진정'을 출시했다고 지난 13일 밝혔다. 알레르기 비염은 꽃가루, 황사... ",https://www.dailymedi.com/news/news_view.php?wr_id=909518,신제품출시
005500,삼진제약,www.medisobizanews.com,2024-03-14 06:12:00,"치매 신약에 꽂힌 삼진제약, 관련기업에 대규모 '릴레이 투자'",삼진제약이 뇌질환 분야 대표 질환 중 하나인 치매약 개발에 대한 투자가 지속되고 있다. 글로벌 업체에서 치매신약을 개발해 시장에 내놓고 있지만 인구 고령화 등에 따라 여전히 블루오션으로 평가되고 있는 시장 중... ,http://www.medisobizanews.com/news/articleView.html?idxno=114609,신약개발
095720,웅진씽크빅,dealsite.co.kr,2024-03-14 11:22:00,"[오늘의 유통가] 해태아이스, 누가바 출시 50주년 기념 캠페인 공개 外","◆웅진씽크빅, '2024 미래내일 일경험 사업' 운영기관 선정 웅진씽크빅이 2024년 미래내일 일경험 지원사업의 일환으로 자사가 서비스하는 글로벌 교육 플랫폼 '유데미(Udemy)'에서 '프로젝트 캠프'를 실시한다고 14일... ",https://dealsite.co.kr/articles/119522,신제품출시
226950,올릭스,www.edaily.co.kr,2024-03-14 09:11:00,무주공산 33조 MASH 시장을 선점하라[MASH 신약 개발전上],일제히 MASH 적응증 확대 승인을 위한 임상 2상 이상 단계에 올라 있다. 이외에도 독일 베링거인겔하임과 국내 올릭스(226950) 등 MASH 관련 유전자 발현을 조절하는 유전자 치료 신약 개발에 첫걸음을 내딛고 있다.,https://n.news.naver.com/mnews/article/018/0005691808?sid=105,신약개발
000020,동화약품,www.newsis.com,2024-03-14 09:35:00,"동화약품, '향기 가미' 다한증치료제 출시…""땀분비 억제""","제약기업 동화약품은 땀 분비 억제 효과는 물론 은은한 파우더리 머스크향을 첨가한 다한증 치료제 일반의약품 '드라이언액'을 출시했다고 14일 밝혔다. 겨드랑이, 손, 발 다한증(땀과다증) 치료에 사용하는 드라이언액은... ",https://n.news.naver.com/mnews/article/003/0012425563?sid=102,신제품출시
000020,동화약품,www.edaily.co.kr,2024-03-14 10:27:00,"동화약품, 향을 더한 다한증 치료제 '드라이언액' 출시","동화약품(000020)은 땀 분비 억제 효과는 물론 은은한 파우더리 머스크향을 첨가해 상쾌함까지 더한 다한증 치료제 ‘드라이언액’을 출시했다고 14일 밝혔다. 겨드랑이, 손, 발 다한증(땀과다증) 치료에 사용하는... ",https://n.news.naver.com/mnews/article/018/0005691928?sid=101,신약개발
038290,마크로젠,www.econonews.co.kr,2024-03-14 16:52:00,"GS25-마크로젠, 유전자검사 연계 서비스 출시",기업 마크로젠과 손잡고 업계 최초로 유전자검사 연계 서비스 상품을 정식 출시했다고 14일 밝혔다. GS25가 이번에 선보인 유전자검사 연계 서비스 상품은 마크로젠이 운영하는 건강관리 플랫폼 젠톡의 '올(All)... ,http://www.econonews.co.kr/news/articleView.html?idxno=330513,신제품출시
318020,포인트모바일,www.hansbiz.co.kr,2024-03-14 09:10:00,"한국GM, '레드 포인트' 살린 신형 트랙스 크로스오버 출시...가격 동결","이번 모델에는 레드컬러가 포인트된 스페셜 에디션 트림이 추가됐으며 온스타 서비스가 최초... 온스타는 모바일 앱을 통해 시동, 도어잠금, 경적·비상등의 원격 제어와 차량 상태 정보, 차량 진단 기능 등... ",http://www.hansbiz.co.kr/news/articleView.html?idxno=684300,신제품출시
321820,와이더플래닛,www.news1.kr,2024-03-14 06:06:00,"'재벌집' 성공 후 빌빌대던 제작사, 이정재 인수 소식에 '2연상'",제3자배정 대상자는 △와이더플래닛(321820)(181만2688주) △배우 이정재(50만3524주) △박인규 위지윅스튜디오(299900) 대표(50만3524주) △케이컬쳐 제1호조합(10만704주) 등이다. 신주 발행가액은 보통주 9930원이다.... ,https://n.news.naver.com/mnews/article/421/0007409679?sid=101,인수합병
019680,대교,www.newsis.com,2024-03-14 09:17:00,"""어르신을 건강하게""…대교뉴이프, 시니어 신체케어 출시","대교뉴이프는 시니어 신체케어 서비스와 프리미엄 방문재활운동 서비스를 출시한다고 14일 밝혔다. 신체케어... 대교뉴이프 관계자는 ""신체적 기능 예방과 질환 발병 시 기능 회복을 위한 관리를 통해 어르신들의 일상을... ",https://n.news.naver.com/mnews/article/003/0012425504?sid=101,신제품출시
143240,사람인,zdnet.co.kr,2024-03-14 08:41:00,"사람인 인재풀, AI가 추천하는 ‘인재 추천 구독 서비스’ 출시",커리어 플랫폼 사람인(대표 김용환)의 대표적인 채용 서비스 ‘인재풀’이 원하는 조건의 인재를 매주 추천... 사람인 인재풀은 프로필을 공개한 인재를 대상으로 기업이나 헤드헌터가 직접 검색해 이직제안을 할 수... ,https://n.news.naver.com/mnews/article/092/0002324429?sid=105,신제품출시
090350,노루페인트,www.edaily.co.kr,2024-03-14 11:07:00,"노루페인트, 아파트 재도장 3D시뮬레이션 서비스 출시",노루페인트가 아파트 재도장 시즌을 맞아 ‘3D시뮬레이션 서비스’ 론칭을 통해 원스톱 컨설팅을 강화한다고 14일 밝혔다. 노루페인트 원스톱 컨설팅 서비스는 현장 기초자료 검토 및 고객 요구사항을 체크 후 컬러와... ,https://n.news.naver.com/mnews/article/018/0005691983?sid=101,신제품출시
194700,노바렉스,www.thebell.co.kr,2024-03-14 08:32:00,"[더벨][매니저 프로파일/라플라스파트너스]'바이오 투자 귀재' 한인수 대표, ...","◇트랙레코드 1: 첫 투자기업 '노바렉스', 현장서 뛰는 심사역을 만들다 렉스진바이오텍(현재 노바렉스)은 한 대표가 무한기술투자에서 처음으로 투자한 기업이다. 당시 노바렉스 공장에 방문한 한 대표는 건강기능식품... ",https://www.thebell.co.kr/free/content/ArticleView.asp?key=202403111724117640107463,신약개발
439580,블루엠텍,www.ajunews.com,2024-03-14 11:32:00,"[골프 단신] 클리브랜드, 女 웨지·치퍼 출시…타이틀리스트는 보키 SM10 웨지...","◆ 블루엠텍, 안소현·전예성 서브 후원 블루엠텍(대표 김현수)이 안소현과 전예성을 후원한다. 이들은 블루엠텍 로고를 옷깃에 새기고 한국여자프로골프협회(KLPGA) 대회에 출전한다. 안소현은 ""블루엠텍과 함께 정규... ",https://www.ajunews.com/view/20240314110014232,신제품출시
053580,웹케시,www.smedaily.co.kr,2024-03-14 15:06:00,"로움아이티 ""세모리포트 출시 1년만에 누적 가입자 2만명 돌파""",사진/웹케시그룹 로움아이티는 세무사무소를 위한 스마트 세무 서비스 '세모리포트'가 출시 1년 만에 가입 고객 2만명을 돌파했다고 14일 밝혔다. 로움아이티는 B2B(기업 간 거래) 핀테크 전문기업 웹케시에서 2019년 독립해... ,http://www.smedaily.co.kr/news/articleView.html?idxno=284448,신제품출시
086820,바이오솔루션,biz.chosun.com,2024-03-14 17:36:00,"[바이오게시판] 동화약품, 다한증 치료제 ‘드라이언액’ 출시 등",▲차바이오그룹의 CMG제약이 가족 피부건강 솔루션 ‘차앤맘(CHA&MOM)’의 이너뷰티 제품인 ‘데일리 핏 비오틴&콜라겐 구미’ 신제품을 출시했다. ‘데일리 핏 비오틴&콜라겐 구미’는 프리미엄 비오틴과 피시콜라겐... ,https://n.news.naver.com/mnews/article/366/0000977955?sid=101,신제품출시
086820,바이오솔루션,www.etoday.co.kr,2024-03-14 14:02:00,"솔젠트, 新바이오 글로벌 마켓 선점 위한 전략적 파트너십 맺어",완전한 ‘바이오프로세스 솔루션(BPS: Bio Process Solution)’을 제공하는 전략적 파트너십 계약을 체결했다고 공동 발표했다. 이번 전략적 파트너십은 솔젠트와 셀라피바이오의 경영진이 성장인자에 대한 제품 문의가... ,https://www.etoday.co.kr/news/view/2340302,파트너쉽
082850,우리바이오,www.newsis.com,2024-03-14 11:25:00,"UXQB, 건양대 메디바이오 국제인증지원센터 공식교육기관 승인","건양대학교는 메디바이오 국제인증지원센터가 아시아 최초로 국제 사용성 및 사용자경험 자격위원회... 한다”며 “우리 센터는 글로벌 스탠다드를 기반으로 사용성 평가 및 교육을 제공하고, 더 나아가... ",https://n.news.naver.com/mnews/article/003/0012426051?sid=102,규제승인
082850,우리바이오,www.etoday.co.kr,2024-03-14 05:02:00,"곽병주 지엔티파마 대표 “26년, 신약개발 한길” [1세대 바이오기업 생존법]",다른 바이오기업이 기술이전하는 것과 달리 우리는 품목허가를 받고 제품을 직접 판매한다. 분명한 비즈니스 플랜이 있는 만큼 상장에 성공할 것”이라며 “바이오 (투자)혹한기 시기에 이정표가 되지 않을까 생각한다.... ,https://www.etoday.co.kr/news/view/2339572,신약개발
200350,래몽래인,www.gukjenews.com,2024-03-14 09:54:00,"래몽래인 주가 강세, 배우 이정재 인수소식에 '고공행진'",래몽래인 로고 래몽래인 주가가 강세다. 14일 오전 9시 45분 기준 래몽래인은 17.53%(3400원) 상승한 2만 2800원에 거래되고 있다. 배우 이정재의 유상증자 참여 소식에 주가가 상승하는 것으로 보인다. 지난 12일... ,https://www.gukjenews.com/news/articleView.html?idxno=2943537,인수합병
004080,신흥,www.greened.kr,2024-03-14 17:39:00,"삼성전자, 갤럭시 보급형 신제품으로 ""인도・동남아 신흥국 시장 공략한다""",[사진=삼성전자] 삼성전자가 신흥국 시장을 겨냥해 보급형 스마트폰 신제품을 연달아 선보이고 있다. 특히 삼성이 시장점유율 1위를 지키고 있는 인도 시장의 경우 중국 업체들과의 치열한 경쟁이 벌어지고 있는... ,https://www.greened.kr/news/articleView.html?idxno=312243,신제품출시
008040,사조동아원,www.newsis.com,2024-03-14 16:30:00,"한훈 차관 ""가루쌀 신제품 개발·판로개척 등 전방위 지원""","한훈 농림축산식품부 차관은 14일 충남 당진시에 위치한 ㈜사조동아원을 찾아 가루쌀 제분 현장을 살펴보고, 가루쌀을 원료로 사용하는 하림, 미듬영농조합법인 등 식품기업들과 가루쌀 산업 활성화를 위한 의견을 나눴다.... ",https://n.news.naver.com/mnews/article/003/0012427413?sid=101,신제품출시
216050,인크로스,www.fnnews.com,2024-03-14 17:53:00,‘수출 1위’ 쉐보레 트랙스 크로스오버 2025년형 출시,"지난해 한국 자동차 수출 1위를 기록한 쉐보레 트랙스 크로스오버의 2025년형(부분변경) 모델이 14일... 한국GM 윤명옥 최고 마케팅책임자는 ""쉐보레 트랙스 크로스오버는 국내외 시장에서 큰 성공을 거두고 있는... ",https://n.news.naver.com/mnews/article/014/0005156390?sid=103,신제품출시
072870,메가스터디,www.hankyung.com,2024-03-14 19:09:00,"[단독] 새 먹거리 찾는 메가스터디, 태영그룹 루나힐스CC 인수",▶마켓인사이트 3월 14일 오후 3시 16분 메가스터디그룹이 경기 안성시에 있는 태영그룹 운영 골프장 루나힐스안성CC를 품는다. 골프 레저사업을 새 먹거리로 낙점한 메가스터디는 본격적으로 사업장을 확장할... ,https://n.news.naver.com/mnews/article/015/0004960113?sid=101,인수합병
164060,이루다,www.newsis.com,2024-03-14 13:42:00,"이루다, 4파장 레이저 신제품 의료기기 품목허가 획득","미용의료기기 전문기업 이루다는 4개 파장의 레이저를 조사할 수 있는 다이오드 레이저 장비 신제품... 이루다는 KIMES를 통해 사용자·시장의 반응을 모니터링할 예정이다. 이루다 관계자는 ""최근 미용 레이저 의료기기... ",https://n.news.naver.com/mnews/article/003/0012426488?sid=101,신제품출시
058630,엠게임,www.mk.co.kr,2024-03-14 10:56:00,"엠게임 ‘퀸즈나이츠’, 글로벌 160여개국 출시",엠게임(대표 권이형)은 모바일 방치형 RPG ‘퀸즈나이츠’의 글로벌 버전을 출시한다고 14일 밝혔다. 이번... ‘퀸즈나이츠’는 엠게임이 자체 개발한 방치형 RPG로 지난해 8월 국내 시장에 출시된바 있다. 출시 초반 구글... ,https://n.news.naver.com/mnews/article/009/0005272108?sid=101,신제품출시
160550,NEW,www.wowtv.co.kr,2024-03-14 10:00:00,크리스챤 디올 뷰티 NEW 쟈도르 어도러블 배쓰&바디 컬렉션 출시,"NEW 쟈도르 어도러블 배쓰&바디 컬렉션은 기존 쉬머링 스크럽, 골든 쉬머링 젤, 바디 크림에 더해 새로운 3종의 바디 케어 컬렉션 NEW 샤워 젤, 바디 밀크, 그리고 핸드크림으로 데일리 뷰티 루틴을 제안한다. 피부를... ",https://n.news.naver.com/mnews/article/215/0001152817?sid=103,신제품출시
240600,유진테크놀로지,www.edaily.co.kr,2024-03-14 18:08:00,"거래소, 씨어스테크놀로지·제일엠앤에스 등 코스닥 상장예심 승인","앞서 씨어스테크놀로지·제일엠앤에스는 일반상장을, 씨피시스템은 유진기업인수목적제8호와의 합병상장을 각각 신청했다. 씨어스테크놀로지는 의료용 기기 제조업체다. 주요 제품은 심전도 검사 솔루션... ",https://n.news.naver.com/mnews/article/018/0005692390?sid=101,규제승인
303530,이노뎁,www.financialpost.co.kr,2024-03-14 10:34:00,"[특징주] 이노뎁, 오픈AI 'ai소라' 공식 출시 발표↑ㆍMS '코파일럿'겹호재에...",이노뎁의 주가가 주식시장에서 강세를 기록 중이다. 오픈AI가 개발한 인공지능 비디오 생성기 'ai 소라'가... 이노뎁은 MS의 국내 영상 관련 협력 기업으로 알려졌다. 14일 관련업계와 주식시장에 따르면 오픈AI가... ,https://www.financialpost.co.kr/news/articleView.html?idxno=202145,신제품출시
265560,영화테크,www.dt.co.kr,2024-03-14 11:32:00,"휴먼테크 전문기업 ㈜디오션, 교육용 키오스크 `2024 파파키오스크` 출시","휴먼테크기업 ㈜디오션이 2세대교육용 키오스크, '2024 파파키오스크'를 새롭게 선보인다. 2025년 초고령사회... 셀프 계산부터 은행, 패스트푸드점, 영화관, 대중교통 등 업계 최다 콘텐츠인 27종으로 구성했으며, 환경적... ",https://n.news.naver.com/mnews/article/029/0002861006?sid=101,신제품출시
417970,모델솔루션,www.dt.co.kr,2024-03-14 11:19:00,"MS, 생성형AI 기반 통합보안 솔루션 `코파일럿 포 시큐리티` 내달 출시",(대규모언어모델)과 결합해 인사이트를 제공한다. MS 보안 포트폴리오 6개 제품군 내 50개 이상의 제품 범주와 통합되는 엔드투엔드 솔루션을 제공함으로써 △보안 △규정 준수 △ID △디바이스 관리 △개인정보... ,https://n.news.naver.com/mnews/article/029/0002860998?sid=105,신제품출시
036640,HRS,www.pinpointnews.co.kr,2024-03-14 00:42:00,케이피엠테크 주가 내달리나...획기적인 신약 개발 등 '두근두근',"나노씨엠에스, HRS, 한일화학, 원익머트리얼즈, 동남합성, 동성케미컬, 경인양행, 원풍, 테이팩스, 진양폴리, 진양화학, 카프로, 원익큐브, 미원에스씨, 동방아그로, 대유, 에스폴리텍, 와이엠티, 쎄노텍, 태경케미컬... ",https://www.pinpointnews.co.kr/news/articleView.html?idxno=251793,신약개발
038070,서린바이오,www.newsis.com,2024-03-14 14:14:00,"서린바이오, '에어글' 美 FDA 510k 의료기기 승인",서린바이오는 프리미엄 공기청정기 에어글(airgle)이 미국 식품의약국(FDA)에서 의료기기 수준의 등급 510k(Class 2·시판 전 허가)승인을 받았다고 14일 밝혔다. 회사 측에 따르면 기존 FDA 의료기기 등록에 이어 이번 510k... ,https://n.news.naver.com/mnews/article/003/0012426694?sid=101,규제승인
016090,대현,www.ziksir.com,2024-03-14 13:36:00,"""출근룩부터 주말룩까지""…'주크(ZOOC) 에브리데이 라인' 출시","대현의 모던 페미닌 캐주얼 브랜드 '주크(ZOOC)'가 온라인 익스클루시브 라인으로 'ZOOC 에브리데이 라인... 또한, 주크 공식 SNS와 대현 공식 온라인 스토어 '대현인사이드'에서는 주크 에브리데이 라인 런칭을 기념해 패션... ",https://www.ziksir.com/news/articleView.html?idxno=53697,신제품출시
145210,다이나믹디자인,kbench.com,2024-03-14 11:56:00,"콕스, 세련된 디자인의 텐키리스 무접점 키보드 ‘CNK87BT PRO’ 출시 예고",콕스는 무접점 키보드 시장의 리더로서 24년 한단계 업그레이드된 다이나믹 래피드 트리거 모드와... CNK87BT PRO는 새롭게 선보이는 바디 디자인으로 고급스럽고 세련된 무드를 자아낸다. 상단의 금장 포인트와... ,https://kbench.com/?q=node/253791,신제품출시
302550,리메드,www.newspim.com,2024-03-14 16:54:00,"리메드, KIMES 2024 참여...'포터블 헬멧' 타입 '브레인스팀100' 등 신제품 소...","전자약 전문기업 리메드(대표 이근용)가 14일부터 17일까지 열리는 제 39회 국제의료기기... 이번 전시에서 리메드는 뇌 치료, 통증, 그리고 에스테틱까지 다양한 분야로 확장된 제품들을 소개한다. 새로... ",https://www.newspim.com/news/view/20240314001059,신제품출시
288980,모아데이타,www.ftoday.co.kr,2024-03-14 15:58:00,"비엘 인수 모아데이타, M&A에 주당 3492원 썼다","모아데이타가 디지털 헬스케어 사업 확장을 위해 비엘 인수(M&A)에 나선 가운데, 1주당 인수가액이 현 시가보다 크게 높아 눈길을 끌고 있다. 모아데이타는 기존 최대주주측과의 주식양수도 계약 및 추가 유상증자... ",http://www.ftoday.co.kr/news/articleView.html?idxno=317758,인수합병
042040,케이피엠테크,www.pinpointnews.co.kr,2024-03-14 00:42:00,케이피엠테크 주가 내달리나...획기적인 신약 개발 등 '두근두근',케이피엠테크 주가가 훨훨 날았다. 14일 한국거래소에 따르면 전 거래일 10.15% 올라 434원에 거래를 마감했다. 주가는 장기 횡보장세에서 벗어나 장대양봉을 그리며 60일 이동평균선을 돌파하고 있다. 획기적인 신약 개발... ,https://www.pinpointnews.co.kr/news/articleView.html?idxno=251793,신약개발
067920,이글루,www.fnnews.com,2024-03-14 09:21:00,"이글루코퍼레이션, 차세대 SIEM 솔루션 ‘SPiDER ExD’ 출시",이글루코퍼레이션은 기업 전반을 아우르는 보안 가시성을 확보하는 보안 정보 및 이벤트 탐지 분석(SIEM) 솔루션 ‘스파이더 이엑스디(SPiDER ExD)’를 출시했다고 14일 밝혔다. 이글루코퍼레이션은 SPiDER ExD 중심의... ,https://n.news.naver.com/mnews/article/014/0005155932?sid=105,신제품출시
024950,삼천리자전거,www.newsis.com,2024-03-14 14:50:00,전기·MTB·로드·키즈…삼천리자전거 신제품 라인업 공개,삼천리자전거가 전기자전거 대중화 및 스포츠 사이클링 입문 라인업 강화에 초점을 맞춘 2024년 신제품 라인업을 14일 공개했다. 올해 삼천리자전거는 차세대 친환경 이동수단으로 각광받는 전기자전거 20종을 비롯해 MTB... ,https://n.news.naver.com/mnews/article/003/0012426890?sid=101,신제품출시
294140,레몬,www.yna.co.kr,2024-03-14 07:21:00,"머스크 X, CNN 전 앵커 돈 레몬과 돌연 '파트너십' 취소","김태종 특파원 = 일론 머스크의 소셜미디어(SNS) 엑스(X·옛 트위터)가 CNN 앵커 출신의 돈 레몬과 파트너십을 돌연 취소했다. 레몬은 13일(현지시간) ""오는 18일 첫 번째 에피소드로 방송될 '돈 레몬 쇼' 인터뷰를 진행한 지... ",https://n.news.naver.com/mnews/article/001/0014561808?sid=104,파트너쉽
294140,레몬,www.ilovepc.co.kr,2024-03-14 11:34:00,"몬스타기어, 블루레몬 리니어 키보드 스위치 출시","커스텀 키보드 및 수랭 PC 벤처강소기업 몬스타 주식회사(대표: 이승재)의 커스텀 전문 브랜드, 몬스타기어에서 '블루레몬' 리니어 키보드 스위치를 판매 개시했다고 밝혔다. '블루레몬' 리니어 키보드스위치는... ",http://www.ilovepc.co.kr/news/articleView.html?idxno=49290,신제품출시
294140,레몬,www.biotimes.co.kr,2024-03-14 10:26:00,"레몬헬스케어, '실손보험 자동 청구 서비스' 상급·종합병원 80여 곳으로 확대","실손보험 자동 청구 관련 핀테크를 이끌어 온 레몬헬스케어(대표 홍병진)는 현재 '실손보험 자동 청구... 또한 레몬헬스케어는 실손 청구 앱 '청구의신'의 제휴병원을 지속해서 확대해, 실손보험 미청구 제로(Zero)화... ",http://www.biotimes.co.kr/news/articleView.html?idxno=14286,규제승인
067170,오텍,news.bizwatch.co.kr,2024-03-14 07:00:00,"AI 신약개발, 후보물질 발굴서 임상까지","이밖에 AI로 개발한 글로벌 신약 후보물질로는 리커전 파마슈티컬스의 'REC-4881', 아큐타 바이오텍의 'AC-0676' 등이 있다. 미국 식품의약국(FDA)에 따르면 지난 7년(2016~2022년)간 임상시험을 신청한 약물 중 AI 기술이 접목된... ",https://n.news.naver.com/mnews/article/648/0000024001?sid=101,신약개발
010640,진양폴리,www.pinpointnews.co.kr,2024-03-14 00:42:00,케이피엠테크 주가 내달리나...획기적인 신약 개발 등 '두근두근',"테이팩스, 진양폴리, 진양화학, 카프로, 원익큐브, 미원에스씨, 동방아그로, 대유, 에스폴리텍, 와이엠티, 쎄노텍, 태경케미컬, 인바이오, 삼영무역, 성보화학, 레몬, 미원화학, 와이오엠, 오공, 영보화학, 이화산업... ",https://www.pinpointnews.co.kr/news/articleView.html?idxno=251793,신약개발
123840,한일진공,www.fnnews.com,2024-03-14 08:39:00,"한일진공 ""합병 완료로 관리종목 탈피 확신, 합병전 일시 지정""","한일진공은 14일 “관리종목 지정은 합병 전 재무제표 기준이며 지난 8일 합병 등기 완료로 올해는 관리종목 지정사유를 충분히 해소할 것으로 확신한다”고 입장을 밝혔다. 회사는 ""이번 내부 결산시점 관리종목 및... ",https://n.news.naver.com/mnews/article/014/0005155887?sid=101,인수합병
222420,쎄노텍,www.pinpointnews.co.kr,2024-03-14 00:42:00,케이피엠테크 주가 내달리나...획기적인 신약 개발 등 '두근두근',"와이엠티, 쎄노텍, 태경케미컬, 인바이오, 삼영무역, 성보화학, 레몬, 미원화학, 와이오엠, 오공, 영보화학, 이화산업, 나노캠텍, KPX케미칼, 웹스, 엔피케이, 대한화섬, 스타플렉스, WISCOM, 케이디켐 등은 대부분 크게 출렁... ",https://www.pinpointnews.co.kr/news/articleView.html?idxno=251793,신약개발
053590,한국테크놀로지,www.edaily.co.kr,2024-03-14 18:08:00,"거래소, 씨어스테크놀로지·제일엠앤에스 등 코스닥 상장예심 승인",한국거래소 코스닥시장본부는 코스닥시장 상장위원회 심의·의결을 거쳐 씨어스테크놀로지·제일엠앤에스·씨피시스템의 상장예비심사를 승인했다고 19일 밝혔다. 앞서 씨어스테크놀로지·제일엠앤에스는... ,https://n.news.naver.com/mnews/article/018/0005692390?sid=101,규제승인
007530,와이엠,www.kihoilbo.co.kr,2024-03-14 13:52:00,"이제끄 '3단 워싱 밀대걸레' 출시, 자동 세척 및 탈수 가능","기호일보 - 아침을 여는 신문, KIHOILBO 와이엠지가 자동 세척과 탈수가 가능한 이제끄 '3중 워싱 밀대걸레'를... (주)와이엠지는 ""우리의 일상 속 사소한 불편도 그저 넘기는 것이 아닌 생각하고 나아가는 방향으로 계속해서... ",http://www.kihoilbo.co.kr/news/articleView.html?idxno=1077860,신제품출시
129890,앱코,kbench.com,2024-03-14 11:56:00,"콕스, 세련된 디자인의 텐키리스 무접점 키보드 ‘CNK87BT PRO’ 출시 예고","삶의 새로운 패러다임, “뉴 라이프 플랫폼”을 만들어가는 주식회사 앱코(대표이사 : 오광근)의 게이밍 브랜드 콕스가 COX CNK87BT PRO LL 블루투스 유무선 무접점 키보드(이하 CNK87BT PRO)의 출시 소식을 전했다.... ",https://kbench.com/?q=node/253791,신제품출시
042940,상지카일룸,www.newswell.co.kr,2024-03-14 15:40:00,"'혁신 신약 개발 3각 맞손' 툴젠, 판타지오·아이오케이·피피아이·상지카일...","/자료=네이버 증권정보 이날 판타지오(032800)와 아이오케이(078860), 피피아이(062970), 상지카일룸(042940)도 각각 상한가인 358, 4015, 1991, 475원에 장을 마감했다. 오늘 양 주식시장은 희비가 갈렸다. 코스피지수는 25.19p... ",http://www.newswell.co.kr/news/articleView.html?idxno=9540,신약개발
406820,뷰티스킨,daily.hankooki.com,2024-03-14 14:24:00,"""클린뷰티 지향"" LG생활건강, '비욘드 땡스에디션' 5종 출시",사진= LG생활건강 제공  LG생활건강은 스킨 릴리프 뷰티 브랜드 비욘드에서 비동물성 원료를 사용하고 한국비건인증원에서 비건 인증을 획득한 '땡스에디션(Thanks Edition)' 5종을 출시했다고 14일 밝혔다. 동물을 사랑하고... ,https://daily.hankooki.com/news/articleView.html?idxno=1062205,신제품출시
051630,진양화학,www.pinpointnews.co.kr,2024-03-14 00:42:00,케이피엠테크 주가 내달리나...획기적인 신약 개발 등 '두근두근',"진양폴리, 진양화학, 카프로, 원익큐브, 미원에스씨, 동방아그로, 대유, 에스폴리텍, 와이엠티, 쎄노텍, 태경케미컬, 인바이오, 삼영무역, 성보화학, 레몬, 미원화학, 와이오엠, 오공, 영보화학, 이화산업, 나노캠텍... ",https://www.pinpointnews.co.kr/news/articleView.html?idxno=251793,신약개발
131220,대한과학,www.news1.kr,2024-03-14 16:56:00,뇌과학자 이진형 “간질 진단·치료법까지…뇌질환 AI 플랫폼 연내 출시”,우선 간질 진단에 대한 솔루션 ‘뉴로매치’를 올해 여름에 상용화할 방침입니다.” 이진형 스탠퍼드... 서울과학고와 서울대 전자공학과를 졸업하고 미국 스탠퍼드대에서 전자공학으로 석사와 박사학위를 받았다.... ,https://n.news.naver.com/mnews/article/421/0007412216?sid=103,신제품출시
184230,SGA솔루션즈,www.venturesquare.net,2024-03-14 11:00:00,"펀블·SGA솔루션즈, 올인원 STO 플랫폼 ‘스플릿’ 출시",토큰 증권 발행 및 거래 서비스를 운영하는 펀블(대표 조찬식)과 통합 IT보안 전문기업 SGA솔루션즈(대표 최영철)는 지난 13일 서울 여의도에서 ‘펀블 토큰증권(STO) 사업 전략 간담회’를 개최했다. 펀블과... ,https://www.venturesquare.net/917134,신제품출시
032800,판타지오,www.newswell.co.kr,2024-03-14 15:40:00,"'혁신 신약 개발 3각 맞손' 툴젠, 판타지오·아이오케이·피피아이·상지카일...","/자료=네이버 증권정보 이날 판타지오(032800)와 아이오케이(078860), 피피아이(062970), 상지카일룸(042940)도 각각 상한가인 358, 4015, 1991, 475원에 장을 마감했다. 오늘 양 주식시장은 희비가 갈렸다. 코스피지수는 25.19p... ",http://www.newswell.co.kr/news/articleView.html?idxno=9540,신약개발
032750,삼진,www.sedaily.com,2024-03-14 10:25:00,"삼진어묵 신제품, 쿠캣과 협업해 판매 본격화…준비 물량 완판","브랜드 삼진어묵은 ‘쿠캣’을 통해 판매를 본격화한 신제품 ‘꼬치어묵탕 씨푸드 파티팩’의 물량 완판을 기록했다고 14일 밝혔다. ‘쿠캣’은 푸드 커머스 기업으로, 신상품 선판매 서비스를 운영하고 있다. 삼진어... ",https://n.news.naver.com/mnews/article/011/0004313007?sid=102,파트너쉽
032750,삼진,www.pennmike.com,2024-03-14 16:50:00,"삼진어묵 신제품 '꼬치어묵탕 씨푸드 파티팩', 쿠캣신공 ""완판""",삼진어묵은 신제품 '꼬치어묵탕 씨푸드 파티팩'이 '쿠캣'을 통한 판매를 본격화하며 준비된 물량 완판을... 삼진어묵은 쿠캣신공과 협업을 진행해 지난 13일 오후 7시 30분부터 신제품 '꼬치어묵탕 씨푸드 파티팩'을 한정... ,http://www.pennmike.com/news/articleView.html?idxno=77930,신제품출시
024070,WISCOM,www.pinpointnews.co.kr,2024-03-14 00:42:00,케이피엠테크 주가 내달리나...획기적인 신약 개발 등 '두근두근',"쎄노텍, 태경케미컬, 인바이오, 삼영무역, 성보화학, 레몬, 미원화학, 와이오엠, 오공, 영보화학, 이화산업, 나노캠텍, KPX케미칼, 웹스, 엔피케이, 대한화섬, 스타플렉스, WISCOM, 케이디켐 등은 대부분 크게 출렁 거렸다.",https://www.pinpointnews.co.kr/news/articleView.html?idxno=251793,신약개발
065170,비엘팜텍,www.ftoday.co.kr,2024-03-14 15:58:00,"비엘 인수 모아데이타, M&A에 주당 3492원 썼다",비엘팜텍의 지분 청산에도 나섰다. 사실상 모아데이타와의 사업 시너지에 최적화된 형태로 비엘을 구조조정하는 모양새다. 모아데이타가 비엘 최대주주 측과의 주식양수도계약을 공시한 날(12일) 비엘은 비엘팜텍... ,http://www.ftoday.co.kr/news/articleView.html?idxno=317758,인수합병
049470,SGA,www.venturesquare.net,2024-03-14 11:00:00,"펀블·SGA솔루션즈, 올인원 STO 플랫폼 ‘스플릿’ 출시",토큰 증권 발행 및 거래 서비스를 운영하는 펀블(대표 조찬식)과 통합 IT보안 전문기업 SGA솔루션즈(대표 최영철)는 지난 13일 서울 여의도에서 ‘펀블 토큰증권(STO) 사업 전략 간담회’를 개최했다. 펀블과 SGA솔루션즈... ,https://www.venturesquare.net/917134,신제품출시
032280,삼일,www.bloter.net,2024-03-14 09:58:00,"[넘버스 M&A 포럼] 박대준 삼일PwC 딜 부문 대표 ""올해 M&A 시장 점진적 회복...","박대준 삼일회계법인 딜 부문 대표는 지난 13일 오후 <블로터>와 <넘버스> 공동주최로 진행한 '2024 넘버스 M&A 포럼'에서 ""인플레이션, 고금리, 지정학적 갈등이 지속되고 있지만 경제주체들의 적응력이 높아졌고, 위험에... ",https://n.news.naver.com/mnews/article/293/0000052541?sid=101,인수합병
159910,스킨앤스킨,www.etoday.co.kr,2024-03-14 09:40:00,"스와니코코, 봄철 필수템 ‘시카 앤 티트리 카밍 토너 패드’ 출시",이투데이=조남호 기자 | 스킨케어 브랜드 스와니코코는 시카와 티트리 성분을 담은 ‘시카 앤 티트리 카밍 토너 패드’를 출시했다고 14일 밝혔다. 회사 측은 이번 신제품이 주력 제품 중 하나인 ‘올 데이 케어 시카 앤... ,https://www.etoday.co.kr/news/view/2340134,신제품출시
065770,CS,www.aitimes.com,2024-03-14 18:02:00,"세레브라스, 'H100' GPU 62개급 AI 칩 출시...""세계에서 가장 빠른 AI 프로세...","WSE-3는 최대 24조개의 매개변수로 AI 모델을 훈련하는 데 사용할 수 있는 세레브라스의 'CS-3' 슈퍼컴퓨터를 구동한다. CS-3 슈퍼컴퓨터는 1.5TB, 12TB 또는 1.2PB의 외장 메모리를 지원할 수 있다. 따라서 파티션이나... ",https://www.aitimes.com/news/articleView.html?idxno=157968,신제품출시
078860,아이오케이,www.newswell.co.kr,2024-03-14 15:40:00,"'혁신 신약 개발 3각 맞손' 툴젠, 판타지오·아이오케이·피피아이·상지카일...","/자료=네이버 증권정보 이날 판타지오(032800)와 아이오케이(078860), 피피아이(062970), 상지카일룸(042940)도 각각 상한가인 358, 4015, 1991, 475원에 장을 마감했다. 오늘 양 주식시장은 희비가 갈렸다. 코스피지수는 25.19p... ",http://www.newswell.co.kr/news/articleView.html?idxno=9540,신약개발
078860,아이오케이,www.hg-times.com,2024-03-14 13:46:00,"구혜선, 작가로 작품 담은 모바일 컬렉션 출시...수익금 일부 기부","14일 소속사 아이오케이컴퍼니는 ""구혜선이 팬덤 IP 플랫폼 페스티버와 협업한 모바일 컬렉션 'Time is mine'을 오는 15일 출시한다""고 밝혔다. 이어 ""이번 페스티버와의 협업을 통해 출시하는 모바일 컬렉션은 구혜선... ",http://www.hg-times.com/news/articleView.html?idxno=259588,신제품출시
062970,피피아이,www.newswell.co.kr,2024-03-14 15:40:00,"'혁신 신약 개발 3각 맞손' 툴젠, 판타지오·아이오케이·피피아이·상지카일...","/자료=네이버 증권정보 이날 판타지오(032800)와 아이오케이(078860), 피피아이(062970), 상지카일룸(042940)도 각각 상한가인 358, 4015, 1991, 475원에 장을 마감했다. 오늘 양 주식시장은 희비가 갈렸다. 코스피지수는 25.19p... ",http://www.newswell.co.kr/news/articleView.html?idxno=9540,신약개발
